{
    "features": [
        {
            "Name": "Chao Ma",
            "Title and University": "Assistant Professor, Shanghai Jiao Tong University",
            "Homepage": "https://vision.sjtu.edu.cn/",
            "Interests": [
                "Computer vision",
                "Machine learning",
                "Image processing"
            ],
            "Papers": [
                {
                    "Paper_name": "Hierarchical Convolutional Features for Visual Tracking",
                    "Paper_authors": "C Ma, JB Huang, X Yang, MH Yang",
                    "Paper_conference_and_year": "IEEE International Conference on Computer Vision (ICCV), 3074-3082, 2015",
                    "Paper_cited_by": "1482"
                },
                {
                    "Paper_name": "Long-term Correlation Tracking",
                    "Paper_authors": "C Ma, X Yang, C Zhang, MH Yang",
                    "Paper_conference_and_year": "IEEE Conference on Computer Vision and Pattern Recognition (CVPR), 5388-5396, 2015",
                    "Paper_cited_by": "878"
                },
                {
                    "Paper_name": "Single-Image Super-Resolution: A Benchmark",
                    "Paper_authors": "CY Yang, C Ma, MH Yang",
                    "Paper_conference_and_year": "European Conference on Computer Vision (ECCV), 372-386, 2014",
                    "Paper_cited_by": "484"
                },
                {
                    "Paper_name": "CREST: Convolutional RESidual learning for visual Tracking",
                    "Paper_authors": "Y Song, C Ma, L Gong, J Zhang, R Lau, MH Yang",
                    "Paper_conference_and_year": "IEEE International Conference on Computer Vision (ICCV), 2555-2564, 2017",
                    "Paper_cited_by": "387"
                },
                {
                    "Paper_name": "VITAL: VIsual Tracking via Adversarial Learning",
                    "Paper_authors": "Y Song, C Ma, X Wu, L Gong, L Bao, W Zuo, C Shen, R Lau, MH Yang",
                    "Paper_conference_and_year": "IEEE Conference on Computer Vision and Pattern Recognition (CVPR), 8990-8999, 2018",
                    "Paper_cited_by": "281"
                },
                {
                    "Paper_name": "Person Re-Identification via Recurrent Feature Aggregation",
                    "Paper_authors": "Y Yan, B Ni, Z Song, C Ma, Y Yan, X Yang",
                    "Paper_conference_and_year": "European Conference on Computer Vision (ECCV), 701-716, 2016",
                    "Paper_cited_by": "198"
                },
                {
                    "Paper_name": "Learning a no-reference quality metric for single-image super-resolution",
                    "Paper_authors": "C Ma, CY Yang, X Yang, MH Yang",
                    "Paper_conference_and_year": "Computer Vision and Image Understanding (CVIU) 158, 1-16, 2017",
                    "Paper_cited_by": "174"
                },
                {
                    "Paper_name": "See More, Know More: Unsupervised Video Object Segmentation with Co-Attention Siamese Networks",
                    "Paper_authors": "X Lu, W Wang, C Ma, J Shen, L Shao, F Porikli",
                    "Paper_conference_and_year": "IEEE Conference on Computer Vision and Pattern Recognition (CVPR), 3623-3632, 2019",
                    "Paper_cited_by": "157"
                },
                {
                    "Paper_name": "Deep Regression Tracking with Shrinkage Loss",
                    "Paper_authors": "X Lu, C Ma, B Ni, X Yang, I Reid, MH Yang",
                    "Paper_conference_and_year": "European Conference on Computer Vision (ECCV), 353-369, 2018",
                    "Paper_cited_by": "136"
                },
                {
                    "Paper_name": "Target-Aware Deep Tracking",
                    "Paper_authors": "X Li, C Ma, B Wu, Z He, MH Yang",
                    "Paper_conference_and_year": "IEEE Conference on Computer Vision and Pattern Recognition (CVPR), 1369-1378, 2019",
                    "Paper_cited_by": "123"
                },
                {
                    "Paper_name": "Unsupervised Deep Tracking",
                    "Paper_authors": "N Wang, Y Song, C Ma, W Zou, W Liu, H Li",
                    "Paper_conference_and_year": "IEEE Conference on Computer Vision and Pattern Recognition (CVPR), 1308-1317, 2019",
                    "Paper_cited_by": "118"
                },
                {
                    "Paper_name": "Depth-Aware Video Frame Interpolation",
                    "Paper_authors": "W Bao, WS Lai, C Ma, X Zhang, Z Gao, MH Yang",
                    "Paper_conference_and_year": "IEEE Conference on Computer Vision and Pattern Recognition (CVPR), 3703-3712, 2019",
                    "Paper_cited_by": "111"
                },
                {
                    "Paper_name": "Adaptive Correlation Filters with Long-Term and Short-Term Memory for Object Tracking",
                    "Paper_authors": "C Ma, JB Huang, X Yang, MH Yang",
                    "Paper_conference_and_year": "International Journal of Computer Vision (IJCV) 126 (8), 771\u2013796, 2018",
                    "Paper_cited_by": "106"
                },
                {
                    "Paper_name": "Deep Attentive Tracking via Reciprocative Learning",
                    "Paper_authors": "S Pu, Y Song, C Ma, H Zhang, MH Yang",
                    "Paper_conference_and_year": "Advances in Neural Information Processing Systems (NIPS), 1931-1941, 2018",
                    "Paper_cited_by": "102"
                },
                {
                    "Paper_name": "Robust Visual Tracking via Hierarchical Convolutional Features",
                    "Paper_authors": "C Ma, JB Huang, X Yang, MH Yang",
                    "Paper_conference_and_year": "IEEE Transactions on Pattern Analysis and Machine Intelligence (TPAMI) 41\u00a0\u2026, 2019",
                    "Paper_cited_by": "92"
                },
                {
                    "Paper_name": "Visual Question Answering with Memory-Augmented Networks",
                    "Paper_authors": "C Ma, C Shen, A Dick, Q Wu, P Wang, A van den Hengel, I Reid",
                    "Paper_conference_and_year": "IEEE Conference on Computer Vision and Pattern Recognition (CVPR), 6975-6984, 2018",
                    "Paper_cited_by": "52"
                },
                {
                    "Paper_name": "When correlation filters meet convolutional neural networks for visual tracking",
                    "Paper_authors": "C Ma, Y Xu, B Ni, X Yang",
                    "Paper_conference_and_year": "IEEE Singal Processing Letters (SPL) 23 (10), 1454-1458, 2016",
                    "Paper_cited_by": "52"
                },
                {
                    "Paper_name": "Sketch retrieval via local dense stroke features",
                    "Paper_authors": "C Ma, X Yang, C Zhang, X Ruan, MH Yang",
                    "Paper_conference_and_year": "Image and Vision Computing (IVC) 46, 64-73, 2016",
                    "Paper_cited_by": "36"
                },
                {
                    "Paper_name": "Sketech Retrival via Dense Stroke Features",
                    "Paper_authors": "C Ma, X Yang, C Zhang, X Ruan, MH Yang",
                    "Paper_conference_and_year": "British Machine Vision Conference (BMVC), 2013",
                    "Paper_cited_by": "36"
                },
                {
                    "Paper_name": "Adaptive region proposal with channel regularization for robust object tracking",
                    "Paper_authors": "X Lu, C Ma, B Ni, X Yang",
                    "Paper_conference_and_year": "IEEE transactions on circuits and systems for video technology, 2019",
                    "Paper_cited_by": "29"
                }
            ],
            "Co_authors": [
                {
                    "Co_authors_name": "Ming-Hsuan Yang",
                    "Co_authors_title_and_institution": "Professor, University of California at Merced; Research Scientist, Google"
                },
                {
                    "Co_authors_name": "Xiaokang Yang",
                    "Co_authors_title_and_institution": "FIEEE, Shanghai Jiao Tong University"
                },
                {
                    "Co_authors_name": "Yibing Song",
                    "Co_authors_title_and_institution": "Tencent AI Lab"
                },
                {
                    "Co_authors_name": "Jia-Bin Huang",
                    "Co_authors_title_and_institution": "Assistant Professor, Virginia Tech"
                },
                {
                    "Co_authors_name": "Chongyang Zhang",
                    "Co_authors_title_and_institution": "Associate Professor, Shanghai Jiao Tong University"
                },
                {
                    "Co_authors_name": "Xiankai Lu",
                    "Co_authors_title_and_institution": "Research Associate, Inception Institute of Artificial Intelligence (IIAI), Abu Dhabi, UAE"
                },
                {
                    "Co_authors_name": "Chih-Yuan Yang",
                    "Co_authors_title_and_institution": "National Taiwan University"
                },
                {
                    "Co_authors_name": "Ian D Reid",
                    "Co_authors_title_and_institution": "University of Adelaide"
                },
                {
                    "Co_authors_name": "Chunhua Shen",
                    "Co_authors_title_and_institution": "School of Computer Science, The University of Adelaide"
                },
                {
                    "Co_authors_name": "Wangmeng Zuo",
                    "Co_authors_title_and_institution": "School of Computer Science and Technology, Harbin Institute of Technology"
                },
                {
                    "Co_authors_name": "Xiaohe Wu",
                    "Co_authors_title_and_institution": "Lecture, Harbin Institute of technology"
                },
                {
                    "Co_authors_name": "Qi Wu",
                    "Co_authors_title_and_institution": "Senior Lecturer (Assistant Professor), University of Adelaide, Adelaide, Australia"
                },
                {
                    "Co_authors_name": "Yichao Yan (\u664f\u8f76\u8d85)",
                    "Co_authors_title_and_institution": "Shanghai Jiao Tong University"
                },
                {
                    "Co_authors_name": "Xin Li",
                    "Co_authors_title_and_institution": "Peng Cheng Laboratory"
                },
                {
                    "Co_authors_name": "Wei-Sheng Lai",
                    "Co_authors_title_and_institution": "Google Inc"
                },
                {
                    "Co_authors_name": "Wenbo Bao",
                    "Co_authors_title_and_institution": "Apple Inc."
                },
                {
                    "Co_authors_name": "Anthony Dick",
                    "Co_authors_title_and_institution": "Computer Science, University of Adelaide"
                },
                {
                    "Co_authors_name": "Anton van den Hengel",
                    "Co_authors_title_and_institution": "Director, Australian Institute for Machine Learning, UoA | Director of Applied Science, Amazon"
                },
                {
                    "Co_authors_name": "Xiang Ruan",
                    "Co_authors_title_and_institution": "Founder & CEO at tiwaki Co., Ltd."
                },
                {
                    "Co_authors_name": "Ning Wang",
                    "Co_authors_title_and_institution": "University of Science and Technology of China"
                }
            ],
            "Cited_graph": [
                "2015",
                "2016",
                "2017",
                "2018",
                "2019",
                "2020",
                "2021",
                "52",
                "179",
                "463",
                "921",
                "1382",
                "1669",
                "361"
            ]
        },
        {
            "Name": "Wei Shen",
            "Title and University": "Associate Professor, Shanghai Jiao Tong University",
            "Homepage": "https://shenwei1231.github.io/",
            "Interests": [
                "Computer Vision",
                "Pattern Recognition",
                "Medical Image Analysis"
            ],
            "Papers": [
                {
                    "Paper_name": "Multi-oriented text detection with fully convolutional networks",
                    "Paper_authors": "Z Zhang, C Zhang, W Shen, C Yao, W Liu, X Bai",
                    "Paper_conference_and_year": "IEEE Conference on Computer Vision and Pattern Recognition, 2016",
                    "Paper_cited_by": "434"
                },
                {
                    "Paper_name": "DeepContour: A Deep Convolutional Feature Learned by Positive-sharing Loss for Contour Detection",
                    "Paper_authors": "W Shen, X Wang, Y Wang, X Bai, Z Zhang",
                    "Paper_conference_and_year": "IEEE Conference on Computer Vision and Pattern Recognition, 2015",
                    "Paper_cited_by": "400"
                },
                {
                    "Paper_name": "Few-shot image recognition by predicting parameters from activations",
                    "Paper_authors": "S Qiao, C Liu, W Shen, AL Yuille",
                    "Paper_conference_and_year": "IEEE Conference on Computer Vision and Pattern Recognition, 2018",
                    "Paper_cited_by": "274"
                },
                {
                    "Paper_name": "Symmetry-Based Text Line Detection in Natural Scenes",
                    "Paper_authors": "Z Zhang, W Shen, C Yao, X Bai",
                    "Paper_conference_and_year": "IEEE Conference on Computer Vision and Pattern Recognition, 2015",
                    "Paper_cited_by": "267"
                },
                {
                    "Paper_name": "A fixed-point model for pancreas segmentation in abdominal CT scans",
                    "Paper_authors": "Y Zhou, L Xie, W Shen, Y Wang, EK Fishman, AL Yuille",
                    "Paper_conference_and_year": "International conference on medical image computing and computer-assisted\u00a0\u2026, 2017",
                    "Paper_cited_by": "179"
                },
                {
                    "Paper_name": "Spatial\u2013temporal convolutional neural networks for anomaly detection and localization in crowded scenes",
                    "Paper_authors": "S Zhou, W Shen, D Zeng, M Fang, Y Wei, Z Zhang",
                    "Paper_conference_and_year": "Signal Processing: Image Communication 47, 358-368, 2016",
                    "Paper_cited_by": "151"
                },
                {
                    "Paper_name": "Single-Shot Object Detection with Enriched Semantics",
                    "Paper_authors": "Z Zhang, S Qiao, C Xie, W Shen, B Wang, AL Yuille",
                    "Paper_conference_and_year": "IEEE Conference on Computer Vision and Pattern Recognition, 2018",
                    "Paper_cited_by": "134"
                },
                {
                    "Paper_name": "Pcl: Proposal cluster learning for weakly supervised object detection",
                    "Paper_authors": "P Tang, X Wang, S Bai, W Shen, X Bai, W Liu, A Yuille",
                    "Paper_conference_and_year": "IEEE transactions on pattern analysis and machine intelligence 42 (1), 176-191, 2018",
                    "Paper_cited_by": "115"
                },
                {
                    "Paper_name": "Deep co-training for semi-supervised image recognition",
                    "Paper_authors": "S Qiao, W Shen, Z Zhang, B Wang, A Yuille",
                    "Paper_conference_and_year": "Proceedings of the european conference on computer vision (eccv), 135-152, 2018",
                    "Paper_cited_by": "113"
                },
                {
                    "Paper_name": "Skeleton growing and pruning with bending potential ratio",
                    "Paper_authors": "W Shen, X Bai, R Hu, H Wang, LJ Latecki",
                    "Paper_conference_and_year": "Pattern Recognition 44 (2), 196-209, 2011",
                    "Paper_cited_by": "109"
                },
                {
                    "Paper_name": "Object skeleton extraction in natural images by fusing scale-associated deep side outputs",
                    "Paper_authors": "W Shen, K Zhao, Y Jiang, Y Wang, Z Zhang, X Bai",
                    "Paper_conference_and_year": "Proceedings of the IEEE Conference on Computer Vision and Pattern\u00a0\u2026, 2016",
                    "Paper_cited_by": "87"
                },
                {
                    "Paper_name": "Deep differentiable random forests for age estimation",
                    "Paper_authors": "W Shen, Y Guo, Y Wang, K Zhao, B Wang, AL Yuille",
                    "Paper_conference_and_year": "IEEE transactions on pattern analysis and machine intelligence 43 (2), 404-419, 2021",
                    "Paper_cited_by": "81"
                },
                {
                    "Paper_name": "A 3D coarse-to-fine framework for volumetric medical image segmentation",
                    "Paper_authors": "Z Zhu, Y Xia, W Shen, E Fishman, A Yuille",
                    "Paper_conference_and_year": "2018 International conference on 3D vision (3DV), 682-690, 2018",
                    "Paper_cited_by": "80"
                },
                {
                    "Paper_name": "Micro-Batch Training with Batch-Channel Normalization and Weight Standardization",
                    "Paper_authors": "S Qiao, H Wang, C Liu, W Shen, A Yuille",
                    "Paper_conference_and_year": "arXiv preprint arXiv:1903.10520, 2020",
                    "Paper_cited_by": "79"
                },
                {
                    "Paper_name": "Exemplar-based human action pose correction and tagging",
                    "Paper_authors": "W Shen, K Deng, X Bai, T Leyvand, B Guo, Z Tu",
                    "Paper_conference_and_year": "Computer Vision and Pattern Recognition (CVPR), 2012 IEEE Conference on\u00a0\u2026, 2012",
                    "Paper_cited_by": "77"
                },
                {
                    "Paper_name": "Abdominal multi-organ segmentation with organ-attention networks and statistical fusion",
                    "Paper_authors": "Y Wang, Y Zhou, W Shen, S Park, EK Fishman, AL Yuille",
                    "Paper_conference_and_year": "Medical image analysis 55, 88-102, 2019",
                    "Paper_cited_by": "75"
                },
                {
                    "Paper_name": "Deepskeleton: Learning multi-task scale-associated deep side outputs for object skeleton extraction in natural images",
                    "Paper_authors": "W Shen, K Zhao, Y Jiang, Y Wang, X Bai, A Yuille",
                    "Paper_conference_and_year": "IEEE Transactions on Image Processing 26 (11), 5298-5311, 2017",
                    "Paper_cited_by": "61"
                },
                {
                    "Paper_name": "Skeleton pruning as trade-off between skeleton simplicity and reconstruction error",
                    "Paper_authors": "W Shen, X Bai, XW Yang, LJ Latecki",
                    "Paper_conference_and_year": "Science China Information Sciences 56 (4), 1-14, 2013",
                    "Paper_cited_by": "53"
                },
                {
                    "Paper_name": "Multiple Instance Subspace Learning via Partial Random Projection Tree for Local Reflection Symmetry in Natural Images",
                    "Paper_authors": "W Shen, X Bai, Z Hu, Z Zhang",
                    "Paper_conference_and_year": "Pattern Recognition 52 (4), 306-316, 2016",
                    "Paper_cited_by": "51"
                },
                {
                    "Paper_name": "Semi-supervised multi-organ segmentation via multi-planar co-training",
                    "Paper_authors": "Y Zhou, Y Wang, P Tang, W Shen, EK Fishman, AL Yuille",
                    "Paper_conference_and_year": "Proceedings of the IEEE/CVF Winter Conference on Applications of Computer Vision, 2019",
                    "Paper_cited_by": "50"
                }
            ],
            "Co_authors": [
                {
                    "Co_authors_name": "Alan Yuille",
                    "Co_authors_title_and_institution": "Professor of Cognitive Science and Computer Science, Johns Hopkins University"
                },
                {
                    "Co_authors_name": "Xiang Bai",
                    "Co_authors_title_and_institution": "Huazhong University of Science and Technology (HUST)"
                },
                {
                    "Co_authors_name": "elliot k fishman",
                    "Co_authors_title_and_institution": "Johns Hopkins Hospital"
                },
                {
                    "Co_authors_name": "Siyuan Qiao",
                    "Co_authors_title_and_institution": "Johns Hopkins University"
                },
                {
                    "Co_authors_name": "Yan Wang",
                    "Co_authors_title_and_institution": "Postdoc in Johns Hopkins University"
                },
                {
                    "Co_authors_name": "Yuyin Zhou",
                    "Co_authors_title_and_institution": "Johns Hopkins University"
                },
                {
                    "Co_authors_name": "Bo Wang",
                    "Co_authors_title_and_institution": "Lead AI Scientist, PMCC UHN; CIFAR AI Chair, Vector Institute; Assistant Professor, U of Toronto"
                },
                {
                    "Co_authors_name": "KAI ZHAO",
                    "Co_authors_title_and_institution": "Nankai University"
                },
                {
                    "Co_authors_name": "Chenxi Liu",
                    "Co_authors_title_and_institution": "Research Scientist, Waymo"
                },
                {
                    "Co_authors_name": "Xinggang Wang",
                    "Co_authors_title_and_institution": "Associate Professor in Huazhong University of Science and Technology"
                },
                {
                    "Co_authors_name": "Cong Yao",
                    "Co_authors_title_and_institution": ""
                },
                {
                    "Co_authors_name": "Zhishuai Zhang",
                    "Co_authors_title_and_institution": "Waymo LLC"
                },
                {
                    "Co_authors_name": "Lingxi Xie (\u8c22\u51cc\u66e6)",
                    "Co_authors_title_and_institution": "Senior Researcher, Huawei"
                },
                {
                    "Co_authors_name": "Zheng Zhang",
                    "Co_authors_title_and_institution": "Researcher, Microsoft Research Asia"
                },
                {
                    "Co_authors_name": "LONGIN JAN LATECKI",
                    "Co_authors_title_and_institution": "Professor of Computer Science, Temple University, Philadelphia"
                },
                {
                    "Co_authors_name": "Zhuotun Zhu, \u6731\u5353\u66be",
                    "Co_authors_title_and_institution": "PhD Candidate, JHU"
                },
                {
                    "Co_authors_name": "Cihang Xie",
                    "Co_authors_title_and_institution": "Assistant Professor, University of California, Santa Cruz"
                },
                {
                    "Co_authors_name": "Zhuowen Tu",
                    "Co_authors_title_and_institution": "Professor, Cognitive Science, Computer Science&Engineering, UC San Diego"
                },
                {
                    "Co_authors_name": "Tommer Leyvand",
                    "Co_authors_title_and_institution": "Apple"
                },
                {
                    "Co_authors_name": "Baining Guo",
                    "Co_authors_title_and_institution": "Distinguished Scientist, Microsoft Research"
                }
            ],
            "Cited_graph": [
                "2012",
                "2013",
                "2014",
                "2015",
                "2016",
                "2017",
                "2018",
                "2019",
                "2020",
                "2021",
                "15",
                "35",
                "61",
                "57",
                "169",
                "351",
                "549",
                "881",
                "1055",
                "272"
            ]
        },
        {
            "Name": "Xiaokang Yang",
            "Title and University": "FIEEE, Shanghai Jiao Tong University",
            "Homepage": "",
            "Interests": [
                "Computer Vision & Pattern Recognition"
            ],
            "Papers": [
                {
                    "Paper_name": "Hierarchical convolutional features for visual tracking",
                    "Paper_authors": "C Ma, JB Huang, X Yang, MH Yang",
                    "Paper_conference_and_year": "Proceedings of the IEEE international conference on computer vision, 3074-3082, 2015",
                    "Paper_cited_by": "1482"
                },
                {
                    "Paper_name": "Long-term correlation tracking",
                    "Paper_authors": "C Ma, X Yang, C Zhang, MH Yang",
                    "Paper_conference_and_year": "Proceedings of the IEEE conference on computer vision and pattern\u00a0\u2026, 2015",
                    "Paper_cited_by": "878"
                },
                {
                    "Paper_name": "Cross-scene crowd counting via deep convolutional neural networks",
                    "Paper_authors": "C Zhang, H Li, X Wang, X Yang",
                    "Paper_conference_and_year": "Proceedings of the IEEE conference on computer vision and pattern\u00a0\u2026, 2015",
                    "Paper_cited_by": "827"
                },
                {
                    "Paper_name": "Using free energy principle for blind image quality assessment",
                    "Paper_authors": "K Gu, G Zhai, X Yang, W Zhang",
                    "Paper_conference_and_year": "IEEE Transactions on Multimedia 17 (1), 50-63, 2014",
                    "Paper_cited_by": "398"
                },
                {
                    "Paper_name": "Just noticeable distortion model and its applications in video coding",
                    "Paper_authors": "XK Yang, WS Ling, ZK Lu, EP Ong, SS Yao",
                    "Paper_conference_and_year": "Signal processing: Image communication 20 (7), 662-680, 2005",
                    "Paper_cited_by": "326"
                },
                {
                    "Paper_name": "Deep multimodal distance metric learning using click constraints for image ranking",
                    "Paper_authors": "J Yu, X Yang, F Gao, D Tao",
                    "Paper_conference_and_year": "IEEE transactions on cybernetics 47 (12), 4014-4024, 2016",
                    "Paper_cited_by": "309"
                },
                {
                    "Paper_name": "Person re-identification over camera networks using multi-task distance metric learning",
                    "Paper_authors": "L Ma, X Yang, D Tao",
                    "Paper_conference_and_year": "IEEE Transactions on Image Processing 23 (8), 3656-3670, 2014",
                    "Paper_cited_by": "230"
                },
                {
                    "Paper_name": "Modeling visual attention's modulatory aftereffects on visual sensitivity and quality evaluation",
                    "Paper_authors": "Z Lu, W Lin, X Yang, EP Ong, S Yao",
                    "Paper_conference_and_year": "IEEE transactions on Image Processing 14 (11), 1928-1942, 2005",
                    "Paper_cited_by": "225"
                },
                {
                    "Paper_name": "A psychovisual quality metric in free-energy principle",
                    "Paper_authors": "G Zhai, X Wu, X Yang, W Lin, W Zhang",
                    "Paper_conference_and_year": "IEEE Transactions on Image Processing 21 (1), 41-52, 2011",
                    "Paper_cited_by": "211"
                },
                {
                    "Paper_name": "Motion-compensated residue preprocessing in video coding based on just-noticeable-distortion profile",
                    "Paper_authors": "X Yang, W Lin, Z Lu, EP Ong, S Yao",
                    "Paper_conference_and_year": "IEEE Transactions on Circuits and Systems for Video Technology 15 (6), 742-752, 2005",
                    "Paper_cited_by": "204"
                },
                {
                    "Paper_name": "Person re-identification via recurrent feature aggregation",
                    "Paper_authors": "Y Yan, B Ni, Z Song, C Ma, Y Yan, X Yang",
                    "Paper_conference_and_year": "European Conference on Computer Vision, 701-716, 2016",
                    "Paper_cited_by": "198"
                },
                {
                    "Paper_name": "Crowd counting via adversarial cross-scale consistency pursuit",
                    "Paper_authors": "Z Shen, Y Xu, B Ni, M Wang, J Hu, X Yang",
                    "Paper_conference_and_year": "Proceedings of the IEEE conference on computer vision and pattern\u00a0\u2026, 2018",
                    "Paper_cited_by": "196"
                },
                {
                    "Paper_name": "Unsupervised deep learning for optical flow estimation",
                    "Paper_authors": "Z Ren, J Yan, B Ni, B Liu, X Yang, H Zha",
                    "Paper_conference_and_year": "Proceedings of the AAAI Conference on Artificial Intelligence 31 (1), 2017",
                    "Paper_cited_by": "191"
                },
                {
                    "Paper_name": "No-reference image sharpness assessment in autoregressive parameter space",
                    "Paper_authors": "K Gu, G Zhai, W Lin, X Yang, W Zhang",
                    "Paper_conference_and_year": "IEEE Transactions on Image Processing 24 (10), 3218-3231, 2015",
                    "Paper_cited_by": "191"
                },
                {
                    "Paper_name": "CamShift guided particle filter for visual tracking",
                    "Paper_authors": "Z Wang, X Yang, Y Xu, S Yu",
                    "Paper_conference_and_year": "Pattern Recognition Letters 30 (4), 407-413, 2009",
                    "Paper_cited_by": "191"
                },
                {
                    "Paper_name": "No-reference quality metric of contrast-distorted images based on information maximization",
                    "Paper_authors": "K Gu, W Lin, G Zhai, X Yang, W Zhang, CW Chen",
                    "Paper_conference_and_year": "IEEE transactions on cybernetics 47 (12), 4559-4565, 2016",
                    "Paper_cited_by": "177"
                },
                {
                    "Paper_name": "Learning a no-reference quality metric for single-image super-resolution",
                    "Paper_authors": "C Ma, CY Yang, X Yang, MH Yang",
                    "Paper_conference_and_year": "Computer Vision and Image Understanding 158, 1-16, 2017",
                    "Paper_cited_by": "174"
                },
                {
                    "Paper_name": "A no-reference quality metric for measuring image blur",
                    "Paper_authors": "EP Ong, W Lin, Z Lu, X Yang, S Yao, F Pan, L Jiang, F Moschetti",
                    "Paper_conference_and_year": "Seventh International Symposium on Signal Processing and Its Applications\u00a0\u2026, 2003",
                    "Paper_cited_by": "172"
                },
                {
                    "Paper_name": "Saliency-guided quality assessment of screen content images",
                    "Paper_authors": "K Gu, S Wang, H Yang, W Lin, G Zhai, X Yang, W Zhang",
                    "Paper_conference_and_year": "IEEE Transactions on Multimedia 18 (6), 1098-1110, 2016",
                    "Paper_cited_by": "169"
                },
                {
                    "Paper_name": "Temporal action localization with pyramid of score distribution features",
                    "Paper_authors": "J Yuan, B Ni, X Yang, AA Kassim",
                    "Paper_conference_and_year": "Proceedings of the IEEE Conference on Computer Vision and Pattern\u00a0\u2026, 2016",
                    "Paper_cited_by": "167"
                }
            ],
            "Co_authors": [
                {
                    "Co_authors_name": "Guangtao Zhai",
                    "Co_authors_title_and_institution": "Professor of EE, Shanghai Jiao Tong University"
                },
                {
                    "Co_authors_name": "Weisi Lin",
                    "Co_authors_title_and_institution": "Professor, Nanyang Technological Unversity"
                },
                {
                    "Co_authors_name": "Bingbing Ni (PhD)",
                    "Co_authors_title_and_institution": "Research Scientist, Advanced Digital Sciences Center"
                },
                {
                    "Co_authors_name": "Li Song",
                    "Co_authors_title_and_institution": "Professor of Electronic Engineering, Shanghai Jiao Tong University"
                },
                {
                    "Co_authors_name": "Junchi Yan \u4e25\u9a8f\u9a70",
                    "Co_authors_title_and_institution": "Research Professor, Shanghai Jiao Tong University, Previously IBM Research"
                },
                {
                    "Co_authors_name": "Chao Ma",
                    "Co_authors_title_and_institution": "Assistant Professor, Shanghai Jiao Tong University"
                },
                {
                    "Co_authors_name": "Ee Ping Ong",
                    "Co_authors_title_and_institution": ""
                },
                {
                    "Co_authors_name": "Ming-Hsuan Yang",
                    "Co_authors_title_and_institution": "Professor, University of California at Merced; Research Scientist, Google"
                },
                {
                    "Co_authors_name": "Weiyao Lin",
                    "Co_authors_title_and_institution": "Professor, Shanghai Jiao Tong University"
                },
                {
                    "Co_authors_name": "Yichao Yan (\u664f\u8f76\u8d85)",
                    "Co_authors_title_and_institution": "Shanghai Jiao Tong University"
                },
                {
                    "Co_authors_name": "Stephen Chu",
                    "Co_authors_title_and_institution": "Research Staff Member, IBM T. J. Watson Research Center"
                },
                {
                    "Co_authors_name": "Hongteng Xu \u8bb8\u6d2a\u817e",
                    "Co_authors_title_and_institution": "Associate Professor (Tenure-Track), Renmin University of China"
                },
                {
                    "Co_authors_name": "Ce Zhu",
                    "Co_authors_title_and_institution": "University of Electronic Science and Technology of China"
                },
                {
                    "Co_authors_name": "Xiaolin Wu",
                    "Co_authors_title_and_institution": "Professor of Electrical and Computer Engineering, McMaster University"
                },
                {
                    "Co_authors_name": "Shuai Xiao \u8096\u5e05",
                    "Co_authors_title_and_institution": "Alibaba Group"
                },
                {
                    "Co_authors_name": "Dacheng Tao",
                    "Co_authors_title_and_institution": "The University of Sydney"
                },
                {
                    "Co_authors_name": "Xiaogang Wang",
                    "Co_authors_title_and_institution": "Associate Professor of Electronic Engineering, the Chinese University of Hong Kong"
                },
                {
                    "Co_authors_name": "Shiqi Wang \u738b\u8bd7\u6dc7",
                    "Co_authors_title_and_institution": "Assistant Professor, Department of Computer Science, City University of Hong Kong"
                },
                {
                    "Co_authors_name": "jianzhou feng",
                    "Co_authors_title_and_institution": "sjtu"
                },
                {
                    "Co_authors_name": "Ya Zhang(\u5f20\u5a05)",
                    "Co_authors_title_and_institution": "Shanghai Jiao Tong University\uff08\u4e0a\u6d77\u4ea4\u901a\u5927\u5b66\uff09"
                }
            ],
            "Cited_graph": [
                "2004",
                "2005",
                "2006",
                "2007",
                "2008",
                "2009",
                "2010",
                "2011",
                "2012",
                "2013",
                "2014",
                "2015",
                "2016",
                "2017",
                "2018",
                "2019",
                "2020",
                "2021",
                "60",
                "62",
                "96",
                "171",
                "216",
                "261",
                "361",
                "380",
                "452",
                "524",
                "693",
                "876",
                "1294",
                "1847",
                "2521",
                "3124",
                "3248",
                "683"
            ]
        },
        {
            "Name": "Yanyan Xu",
            "Title and University": "Shanghai Jiao Tong University | UC Berkeley",
            "Homepage": "http://humnetlab.berkeley.edu/~yxu",
            "Interests": [
                "Human Mobility",
                "Urban Computing",
                "Transportation Systems",
                "Energy & Environment",
                "Urban Science"
            ],
            "Papers": [
                {
                    "Paper_name": "Planning for electric vehicle needs by coupling charging profiles with urban mobility",
                    "Paper_authors": "0 articles",
                    "Paper_conference_and_year": "not available",
                    "Paper_cited_by": "52"
                },
                {
                    "Paper_name": "Accurate and interpretable bayesian mars for traffic flow prediction",
                    "Paper_authors": "Y Xu, S \u00c7olak, EC Kara, SJ Moura, MC Gonz\u00e1lez",
                    "Paper_conference_and_year": "Nature Energy 3, 484\u2013493, 2018",
                    "Paper_cited_by": "49"
                },
                {
                    "Paper_name": "Urban traffic flow prediction: a spatio\u2010temporal variable selection\u2010based approach",
                    "Paper_authors": "Y Xu, QJ Kong, R Klette, Y Liu",
                    "Paper_conference_and_year": "IEEE Transactions on Intelligent Transportation Systems 15 (6), 2457-2469, 2014",
                    "Paper_cited_by": "33"
                },
                {
                    "Paper_name": "Mosaicing of microscope images based on SURF",
                    "Paper_authors": "Y Xu, H Chen, QJ Kong, X Zhai, Y Liu",
                    "Paper_conference_and_year": "Journal of Advanced Transportation 50 (4), 489-506, 2016",
                    "Paper_cited_by": "30"
                },
                {
                    "Paper_name": "Collective benefits in traffic during mega events via the use of information technologies",
                    "Paper_authors": "W Rong, H Chen, J Liu, Y Xu, R Haeusler",
                    "Paper_conference_and_year": "2009 24th International Conference Image and Vision Computing New Zealand\u00a0\u2026, 2009",
                    "Paper_cited_by": "29"
                },
                {
                    "Paper_name": "Robust lane detection for complicated road environment based on normal map",
                    "Paper_authors": "Y Xu, MC Gonz\u00e1lez",
                    "Paper_conference_and_year": "Journal of The Royal Society Interface 14 (129), 20161041, 2017",
                    "Paper_cited_by": "27"
                },
                {
                    "Paper_name": "Short-term traffic volume prediction using classification and regression trees",
                    "Paper_authors": "C Yuan, H Chen, J Liu, D Zhu, Y Xu",
                    "Paper_conference_and_year": "IEEE Access 6, 49679-49689, 2018",
                    "Paper_cited_by": "24"
                },
                {
                    "Paper_name": "Urban traffic flow prediction based on road network model",
                    "Paper_authors": "Y Xu, QJ Kong, Y Liu",
                    "Paper_conference_and_year": "2013 IEEE Intelligent Vehicles Symposium (IV), 493-498, 2013",
                    "Paper_cited_by": "22"
                },
                {
                    "Paper_name": "UTN-model-based traffic flow prediction for parallel-transportation management systems",
                    "Paper_authors": "Y Xu, QJ Kong, S Lin, Y Liu",
                    "Paper_conference_and_year": "Proceedings of 2012 9th IEEE International Conference on Networking, Sensing\u00a0\u2026, 2012",
                    "Paper_cited_by": "20"
                },
                {
                    "Paper_name": "Belief propagation implementation using CUDA on an NVIDIA GTX 280",
                    "Paper_authors": "QJ Kong, Y Xu, S Lin, D Wen, F Zhu, Y Liu",
                    "Paper_conference_and_year": "IEEE Transactions on Intelligent Transportation Systems 14 (3), 1541-1547, 2013",
                    "Paper_cited_by": "19"
                },
                {
                    "Paper_name": "Unraveling environmental justice in ambient PM2. 5 exposure in Beijing: A big data approach",
                    "Paper_authors": "Y Xu, H Chen, R Klette, J Liu, T Vaudrey",
                    "Paper_conference_and_year": "Australasian Joint Conference on Artificial Intelligence, 180-189, 2009",
                    "Paper_cited_by": "16"
                },
                {
                    "Paper_name": "Short-term origin-destination based metro flow prediction with probabilistic model selection approach",
                    "Paper_authors": "Y Xu, S Jiang, R Li, J Zhang, J Zhao, S Abbar, MC Gonz\u00e1lez",
                    "Paper_conference_and_year": "Computers, Environment and Urban Systems 75, 12-21, 2019",
                    "Paper_cited_by": "16"
                },
                {
                    "Paper_name": "Short-term prediction method of freeway traffic flow",
                    "Paper_authors": "X Dai, L Sun, Y Xu",
                    "Paper_conference_and_year": "Journal of Advanced Transportation 2018, 2018",
                    "Paper_cited_by": "9"
                },
                {
                    "Paper_name": "Estimating MFDs, trip lengths and path flow distributions in a multi-region setting using mobile phone data",
                    "Paper_authors": "YY Xu, X Zhai, QJ Kong, YC Liu",
                    "Paper_conference_and_year": "Jiaotong Yunshu Gongcheng Xuebao 13 (2), 114-119, 2013",
                    "Paper_cited_by": "8"
                },
                {
                    "Paper_name": "Disparity map computation on a cell processor",
                    "Paper_authors": "M Paipuri, Y Xu, MC Gonzalez, L Leclercq",
                    "Paper_conference_and_year": "Transportation Research Part C: Emerging Technologies 118, 102709, 2020",
                    "Paper_cited_by": "8"
                },
                {
                    "Paper_name": "Travel Time Estimation without Road Networks: An Urban Morphological Layout Representation Approach",
                    "Paper_authors": "J Liu, Y Xu, R Klette, H Chen, T Vaudrey",
                    "Paper_conference_and_year": "Proceedings of the IASTED International Conference on Modelling, Simulation\u00a0\u2026, 2009",
                    "Paper_cited_by": "7"
                },
                {
                    "Paper_name": "View synthesis using foreground object extraction for disparity control and image inpainting",
                    "Paper_authors": "W Lan, Y Xu, B Zhao",
                    "Paper_conference_and_year": "IJCAI, 2019",
                    "Paper_cited_by": "7"
                },
                {
                    "Paper_name": "Estimation of vehicle pose and position with monocular camera at urban road intersections",
                    "Paper_authors": "D Han, H Chen, C Tu, Y Xu",
                    "Paper_conference_and_year": "Journal of Visual Communication and Image Representation 56, 287-295, 2018",
                    "Paper_cited_by": "7"
                },
                {
                    "Paper_name": "Lane detection algorithm based on geometric moment sampling",
                    "Paper_authors": "JZ Yuan, H Chen, B Zhao, Y Xu",
                    "Paper_conference_and_year": "Journal of Computer Science and Technology 32 (6), 1150-1161, 2017",
                    "Paper_cited_by": "7"
                },
                {
                    "Paper_name": "Spatio-temporal variable selection based support vector regression for urban traffic flow prediction",
                    "Paper_authors": "R SONG, H CHEN, Z XIAO, Y XU, R KLETTE",
                    "Paper_conference_and_year": "SCIENTIA SINICA Informationis 47 (4), 455-467, 2017",
                    "Paper_cited_by": "7"
                }
            ],
            "Co_authors": [
                {
                    "Co_authors_name": "Qing-Jie Kong",
                    "Co_authors_title_and_institution": "Associate Professor, Institute of Automation, Chinese Academy of Sciences"
                },
                {
                    "Co_authors_name": "Marta C. Gonzalez",
                    "Co_authors_title_and_institution": "UC Berkeley and Lawrence Berkeley National Laboratory"
                },
                {
                    "Co_authors_name": "Reinhard Klette",
                    "Co_authors_title_and_institution": "Auckland University of Technology"
                },
                {
                    "Co_authors_name": "Shu Lin",
                    "Co_authors_title_and_institution": "Associate Professor of Computer and Contol Engineering, University of Chinese Academy of Sciences"
                },
                {
                    "Co_authors_name": "Serdar Colak",
                    "Co_authors_title_and_institution": "Massachusetts Institute of Technology"
                },
                {
                    "Co_authors_name": "Scott Moura",
                    "Co_authors_title_and_institution": "Associate Professor, University of California, Berkeley"
                },
                {
                    "Co_authors_name": "Emre Can Kara",
                    "Co_authors_title_and_institution": "eIQ Mobility"
                },
                {
                    "Co_authors_name": "Sofiane Abbar",
                    "Co_authors_title_and_institution": "Qatar Computing Research Institute, HBKU"
                },
                {
                    "Co_authors_name": "Shan Jiang",
                    "Co_authors_title_and_institution": "Tufts University"
                },
                {
                    "Co_authors_name": "Leclercq Ludovic",
                    "Co_authors_title_and_institution": "Universit\u00e9 Gustave Eiffel - ENTPE"
                },
                {
                    "Co_authors_name": "Mahendra Paipuri",
                    "Co_authors_title_and_institution": "Ing\u00e9nieur de recherche, AVALON Team, LIP, INRIA, Lyon"
                },
                {
                    "Co_authors_name": "Jinhua Zhao",
                    "Co_authors_title_and_institution": "Department of Urban Studies and Planning, MIT"
                },
                {
                    "Co_authors_name": "Jiang Zhang",
                    "Co_authors_title_and_institution": "Beijing Normal University"
                },
                {
                    "Co_authors_name": "Fei-Yue Wang",
                    "Co_authors_title_and_institution": "Chinese Academy of Sciences"
                },
                {
                    "Co_authors_name": "Wuwei Lan",
                    "Co_authors_title_and_institution": "The Ohio State University"
                },
                {
                    "Co_authors_name": "Luis Eduardo Olmos",
                    "Co_authors_title_and_institution": "University of California Berkeley"
                },
                {
                    "Co_authors_name": "Marco De Nadai",
                    "Co_authors_title_and_institution": "Research Scientist, FBK"
                },
                {
                    "Co_authors_name": "Bruno Lepri",
                    "Co_authors_title_and_institution": "Fondazione Bruno Kessler"
                },
                {
                    "Co_authors_name": "Riccardo Di Clemente",
                    "Co_authors_title_and_institution": "Lecturer in Data Science at University of Exeter"
                },
                {
                    "Co_authors_name": "Ruiqi Li (\u674e\u777f\u742a)",
                    "Co_authors_title_and_institution": "Associate Professor, UrbanNet Lab, College of Information Science and Technology, BUCT Beijing"
                }
            ],
            "Cited_graph": [
                "2010",
                "2011",
                "2012",
                "2013",
                "2014",
                "2015",
                "2016",
                "2017",
                "2018",
                "2019",
                "2020",
                "2021",
                "6",
                "8",
                "5",
                "8",
                "22",
                "13",
                "28",
                "23",
                "49",
                "89",
                "124",
                "41"
            ]
        },
        {
            "Name": "Yaohui Jin",
            "Title and University": "Shanghai Jiao Tong University",
            "Homepage": "",
            "Interests": [],
            "Papers": [
                {
                    "Paper_name": "Joint scheduling for optical grid applications",
                    "Paper_authors": "Y Wang, MY Wu, Y Jin, W Guo, W Sun, W Hu",
                    "Paper_conference_and_year": "Journal of Optical Networking 6 (3), 304-318, 2007",
                    "Paper_cited_by": "78"
                },
                {
                    "Paper_name": "Resurf: Reconstructing web-surfing activity from network traffic",
                    "Paper_authors": "G Xie, M Iliofotou, T Karagiannis, M Faloutsos, Y Jin",
                    "Paper_conference_and_year": "2013 IFIP Networking Conference, 1-9, 2013",
                    "Paper_cited_by": "76"
                },
                {
                    "Paper_name": "On the spectrum-efficiency of bandwidth-variable optical OFDM transport networks",
                    "Paper_authors": "W Zheng, Y Jin, W Sun, W Guo, W Hu",
                    "Paper_conference_and_year": "Optical Fiber Communication Conference, OWR5, 2010",
                    "Paper_cited_by": "73"
                },
                {
                    "Paper_name": "Intelligent timeout master: Dynamic timeout for SDN-based data centers",
                    "Paper_authors": "H Zhu, H Fan, X Luo, Y Jin",
                    "Paper_conference_and_year": "2015 IFIP/IEEE International Symposium on Integrated Network Management (IM\u00a0\u2026, 2015",
                    "Paper_cited_by": "56"
                },
                {
                    "Paper_name": "Analyzing and modeling spatio-temporal dependence of cellular traffic at city scale",
                    "Paper_authors": "X Chen, Y Jin, S Qiang, W Hu, K Jiang",
                    "Paper_conference_and_year": "2015 IEEE international conference on communications (ICC), 3585-3591, 2015",
                    "Paper_cited_by": "54"
                },
                {
                    "Paper_name": "Optimizations of -Cycle-Based Protection ofOptical Multicast Sessions",
                    "Paper_authors": "F Zhang, WD Zhong, Y Jin",
                    "Paper_conference_and_year": "Journal of Lightwave Technology 26 (19), 3298-3306, 2008",
                    "Paper_cited_by": "43"
                },
                {
                    "Paper_name": "Analysis farm: A cloud-based scalable aggregation and query platform for network log analysis",
                    "Paper_authors": "J Wei, Y Zhao, K Jiang, R Xie, Y Jin",
                    "Paper_conference_and_year": "2011 International Conference on Cloud and Service Computing, 354-359, 2011",
                    "Paper_cited_by": "37"
                },
                {
                    "Paper_name": "Scheduling algorithm for workflow-based applications in optical grid",
                    "Paper_authors": "Z Sun, W Guo, Z Wang, Y Jin, W Sun, W Hu, C Qiao",
                    "Paper_conference_and_year": "Journal of lightwave technology 26 (17), 3011-3020, 2008",
                    "Paper_cited_by": "36"
                },
                {
                    "Paper_name": "Multicast flow aggregation in IP over optical networks",
                    "Paper_authors": "Y Zhu, Y Jin, W Sun, W Guo, W Hu, M Wu",
                    "Paper_conference_and_year": "IEEE Journal on Selected Areas in Communications 25 (5), 1011-1021, 2007",
                    "Paper_cited_by": "36"
                },
                {
                    "Paper_name": "A generalized recurrent neural architecture for text classification with multi-task learning",
                    "Paper_authors": "H Zhang, L Xiao, Y Wang, Y Jin",
                    "Paper_conference_and_year": "arXiv preprint arXiv:1707.02892, 2017",
                    "Paper_cited_by": "35"
                },
                {
                    "Paper_name": "On-line integrated routing in dynamic multifiber IP/WDM networks",
                    "Paper_authors": "T Ye, Q Zeng, Y Su, L Leng, W Wei, Z Zhang, W Guo, Y Jin",
                    "Paper_conference_and_year": "IEEE Journal on Selected Areas in Communications 22 (9), 1681-1691, 2004",
                    "Paper_cited_by": "33"
                },
                {
                    "Paper_name": "Multi-task label embedding for text classification",
                    "Paper_authors": "H Zhang, L Xiao, W Chen, Y Wang, Y Jin",
                    "Paper_conference_and_year": "arXiv preprint arXiv:1710.07210, 2017",
                    "Paper_cited_by": "30"
                },
                {
                    "Paper_name": "Virtualized optical network services across multiple domains for grid applications",
                    "Paper_authors": "Y Wang, Y Jin, W Guo, W Sun, W Hu",
                    "Paper_conference_and_year": "IEEE Communications Magazine 49 (5), 92-101, 2011",
                    "Paper_cited_by": "29"
                },
                {
                    "Paper_name": "MCapsNet: Capsule network for text with multi-task learning",
                    "Paper_authors": "L Xiao, H Zhang, W Chen, Y Wang, Y Jin",
                    "Paper_conference_and_year": "Proceedings of the 2018 conference on empirical methods in natural language\u00a0\u2026, 2018",
                    "Paper_cited_by": "24"
                },
                {
                    "Paper_name": "On precision and scalability of elephant flow detection in data center with SDN",
                    "Paper_authors": "C Bi, X Luo, T Ye, Y Jin",
                    "Paper_conference_and_year": "2013 IEEE Globecom Workshops (GC Wkshps), 1227-1232, 2013",
                    "Paper_cited_by": "24"
                },
                {
                    "Paper_name": "Prototype demonstration of IP multicasting over optical networks with dynamic point-to-multipoint configuration",
                    "Paper_authors": "W Sun, Y Jin, W Hu, H He, X Luo, P Hu, W Guo, Y Su, L Leng",
                    "Paper_conference_and_year": "Optical Fiber Communication Conference, OWG3, 2005",
                    "Paper_cited_by": "24"
                },
                {
                    "Paper_name": "A performance study of live VM migration technologies: VMotion vs XenMotion",
                    "Paper_authors": "X Feng, J Tang, X Luo, Y Jin",
                    "Paper_conference_and_year": "Asia Communications and Photonics Conference and Exhibition, 83101B, 2011",
                    "Paper_cited_by": "23"
                },
                {
                    "Paper_name": "Dynamic multi DAG scheduling algorithm for optical grid environment",
                    "Paper_authors": "L Zhu, Z Sun, W Guo, Y Jin, W Sun, W Hu",
                    "Paper_conference_and_year": "Network Architectures, Management, and Applications V 6784, 67841F, 2007",
                    "Paper_cited_by": "22"
                },
                {
                    "Paper_name": "A packet-switched waveband-selective PON enabling optical internetworking among ONUs",
                    "Paper_authors": "Y Su, P Hu, J Zhang, L Leng, H He, X Tian, Y Jin",
                    "Paper_conference_and_year": "2005 31st European Conference on Optical Communication, ECOC 2005 3, 691-692, 2005",
                    "Paper_cited_by": "22"
                },
                {
                    "Paper_name": "Co-Scaler: Cooperative scaling of software-defined NFV service function chain",
                    "Paper_authors": "B Zhang, P Zhang, Y Zhao, Y Wang, X Luo, Y Jin",
                    "Paper_conference_and_year": "2016 IEEE Conference on Network Function Virtualization and Software Defined\u00a0\u2026, 2016",
                    "Paper_cited_by": "21"
                }
            ],
            "Co_authors": [],
            "Cited_graph": [
                "2004",
                "2005",
                "2006",
                "2007",
                "2008",
                "2009",
                "2010",
                "2011",
                "2012",
                "2013",
                "2014",
                "2015",
                "2016",
                "2017",
                "2018",
                "2019",
                "2020",
                "2021",
                "9",
                "29",
                "24",
                "56",
                "78",
                "89",
                "79",
                "110",
                "110",
                "140",
                "127",
                "107",
                "112",
                "115",
                "112",
                "132",
                "158",
                "36"
            ]
        },
        {
            "Name": "Yue Gao",
            "Title and University": "Assistant Professor, Shanghai Jiaotong University",
            "Homepage": "http://gaoyue.sjtu.edu.cn/",
            "Interests": [
                "reinforcement learning",
                "sensor fusion",
                "legged robot locomotion"
            ],
            "Papers": [
                {
                    "Paper_name": "Learning more powerful test statistics for click-based retrieval evaluation",
                    "Paper_authors": "0 articles",
                    "Paper_conference_and_year": "available",
                    "Paper_cited_by": "36"
                },
                {
                    "Paper_name": "Between pleasure and contentment: Evolutionary dynamics of some possible parameters of happiness",
                    "Paper_authors": "Y Yue, Y Gao, O Chapelle, Y Zhang, T Joachims",
                    "Paper_conference_and_year": "Proceedings of the 33rd international ACM SIGIR conference on Research and\u00a0\u2026, 2010",
                    "Paper_cited_by": "10"
                },
                {
                    "Paper_name": "Happiness as an intrinsic motivator in reinforcement learning",
                    "Paper_authors": "Y Gao, S Edelman",
                    "Paper_conference_and_year": "PloS one 11 (5), e0153193, 2016",
                    "Paper_cited_by": "7"
                },
                {
                    "Paper_name": "Sim-to-real: Six-legged robot control with deep reinforcement learning and curriculum learning",
                    "Paper_authors": "Y Gao, S Edelman",
                    "Paper_conference_and_year": "Adaptive Behavior 24 (5), 292-305, 2016",
                    "Paper_cited_by": "2"
                },
                {
                    "Paper_name": "Online Hybrid Learning to Speed Up Deep Reinforcement Learning Method for Commercial Aircraft Control",
                    "Paper_authors": "B Qin, Y Gao, Y Bai",
                    "Paper_conference_and_year": "2019 4th International Conference on Robotics and Automation Engineering\u00a0\u2026, 2019",
                    "Paper_cited_by": "2"
                },
                {
                    "Paper_name": "Detect Chinese Cyber Bullying by Analyzing User Behaviors and Language Patterns",
                    "Paper_authors": "M Xin, Y Gao, T Mou, J Ye",
                    "Paper_conference_and_year": "2019 3rd International Symposium on Autonomous Systems (ISAS), 305-310, 2019",
                    "Paper_cited_by": "2"
                },
                {
                    "Paper_name": "Embedding Gestalt Principles to Hierarchical Distance Dependent Nonparametric Bayesian Model for Video Segmentation",
                    "Paper_authors": "P Zhang, Y Gao, S Chen",
                    "Paper_conference_and_year": "2019 3rd International Symposium on Autonomous Systems (ISAS), 370-375, 2019",
                    "Paper_cited_by": "1"
                },
                {
                    "Paper_name": "Human-object interaction recognition using multitask neural network",
                    "Paper_authors": "Y Gao",
                    "Paper_conference_and_year": "2019 3rd International Symposium on Autonomous Systems (ISAS), 1-6, 2019",
                    "Paper_cited_by": "1"
                },
                {
                    "Paper_name": "The pursuit of happiness: Hedonic and eudaimonic well-being for intrinsically motivated agents",
                    "Paper_authors": "W Yan, Y Gao, Q Liu",
                    "Paper_conference_and_year": "2019 3rd International Symposium on Autonomous Systems (ISAS), 323-328, 2019",
                    "Paper_cited_by": "1"
                },
                {
                    "Paper_name": "Online learning of causal structure in a dynamic game situation",
                    "Paper_authors": "Y Gao",
                    "Paper_conference_and_year": "",
                    "Paper_cited_by": "1"
                },
                {
                    "Paper_name": "Dual Models to Facilitate Learning of Policy Network",
                    "Paper_authors": "Y Gao, E Nitzany, S Edelman",
                    "Paper_conference_and_year": "Proceedings of the Annual Meeting of the Cognitive Science Society 34 (34), 2012",
                    "Paper_cited_by": ""
                },
                {
                    "Paper_name": "Odometry Estimation Utilizing 6-DOF Force Sensors and IMU for Legged Robot",
                    "Paper_authors": "Y Mei, Y Gao, S Li",
                    "Paper_conference_and_year": "2020 Chinese Automation Congress (CAC), 6407-6412, 2020",
                    "Paper_cited_by": ""
                },
                {
                    "Paper_name": "Real-time Apriltag Inertial Fusion Localization for Large Indoor Navigation",
                    "Paper_authors": "H Wu, Y Gao, S Li",
                    "Paper_conference_and_year": "2020 Chinese Automation Congress (CAC), 6901-6905, 2020",
                    "Paper_cited_by": ""
                },
                {
                    "Paper_name": "Encoding Topology Information for Deep Reinforcement Learning with Continuous Action Space",
                    "Paper_authors": "J Chen, Y Gao, S Li",
                    "Paper_conference_and_year": "2020 Chinese Automation Congress (CAC), 6912-6916, 2020",
                    "Paper_cited_by": ""
                },
                {
                    "Paper_name": "Sim-to-Real: Designing Locomotion Controller for Six-Legged Robot",
                    "Paper_authors": "Q Wang, Y Gao, W Liu",
                    "Paper_conference_and_year": "2019 4th International Conference on Robotics and Automation Engineering\u00a0\u2026, 2019",
                    "Paper_cited_by": ""
                },
                {
                    "Paper_name": "Aspect-based Review Summary Generation with Diversification",
                    "Paper_authors": "C Yang, Y Gao, C Tian, QS Yao",
                    "Paper_conference_and_year": "2019 IEEE 9th Annual International Conference on CYBER Technology in\u00a0\u2026, 2019",
                    "Paper_cited_by": ""
                },
                {
                    "Paper_name": "Online Chinese Handwriting Recognition with Time Sequence Information",
                    "Paper_authors": "S Chen, Y Gao, P Zhang",
                    "Paper_conference_and_year": "2019 3rd International Symposium on Autonomous Systems (ISAS), 311-316, 2019",
                    "Paper_cited_by": ""
                },
                {
                    "Paper_name": "2019 4th International Conference on Robotics and Automation Engineering (ICRAE 2019)",
                    "Paper_authors": "Z Wang, Y Gao, J Yao, T Li",
                    "Paper_conference_and_year": "2019 3rd International Symposium on Autonomous Systems (ISAS), 364-369, 2019",
                    "Paper_cited_by": ""
                }
            ],
            "Co_authors": [],
            "Cited_graph": [
                "2010",
                "2011",
                "2012",
                "2013",
                "2014",
                "2015",
                "2016",
                "2017",
                "2018",
                "2019",
                "2020",
                "2",
                "2",
                "2",
                "9",
                "1",
                "9",
                "5",
                "6",
                "3",
                "6",
                "18"
            ]
        },
        {
            "Name": "Yunbo Wang",
            "Title and University": "Shanghai Jiao Tong University",
            "Homepage": "http://people.csail.mit.edu/yunbo/",
            "Interests": [
                "Deep Learning"
            ],
            "Papers": [
                {
                    "Paper_name": "PredRNN: Recurrent Neural Networks for Predictive Learning Using Spatiotemporal LSTMs",
                    "Paper_authors": "Y Wang, M Long, J Wang, Z Gao, SY Philip",
                    "Paper_conference_and_year": "NIPS 2017, 879-888, 2017",
                    "Paper_cited_by": "184"
                },
                {
                    "Paper_name": "Spatiotemporal pyramid network for video action recognition",
                    "Paper_authors": "Y Wang, M Long, J Wang, PS Yu",
                    "Paper_conference_and_year": "CVPR 2017, 1529-1538, 2017",
                    "Paper_cited_by": "154"
                },
                {
                    "Paper_name": "PredRNN++: Towards A Resolution of the Deep-in-Time Dilemma in Spatiotemporal Predictive Learning",
                    "Paper_authors": "Y Wang, Z Gao, M Long, J Wang, PS Yu",
                    "Paper_conference_and_year": "ICML 2018, 2018",
                    "Paper_cited_by": "103"
                },
                {
                    "Paper_name": "Eidetic 3D LSTM: A Model for Video Prediction and Beyond",
                    "Paper_authors": "Y Wang, L Jiang, MH Yang, LJ Li, M Long, L Fei-Fei",
                    "Paper_conference_and_year": "ICLR 2019, 2018",
                    "Paper_cited_by": "79"
                },
                {
                    "Paper_name": "Memory In Memory: A Predictive Neural Network for Learning Higher-Order Non-Stationarity from Spatiotemporal Dynamics",
                    "Paper_authors": "Y Wang, J Zhang, H Zhu, M Long, J Wang, PS Yu",
                    "Paper_conference_and_year": "CVPR, 2019",
                    "Paper_cited_by": "34"
                },
                {
                    "Paper_name": "PredCNN: Predictive Learning with Cascade Convolutions.",
                    "Paper_authors": "Z Xu, Y Wang, M Long, J Wang",
                    "Paper_conference_and_year": "IJCAI 2018, 2940-2947, 2018",
                    "Paper_cited_by": "28"
                },
                {
                    "Paper_name": "A feasibility study of ray tracing on mobile GPUs",
                    "Paper_authors": "Y Wang, C Liu, Y Deng",
                    "Paper_conference_and_year": "SIGGRAPH Asia 2014, 2014",
                    "Paper_cited_by": "8"
                },
                {
                    "Paper_name": "DualSMC: Tunneling Differentiable Filtering and Planning under Continuous POMDPs",
                    "Paper_authors": "Y Wang, B Liu, J Wu, Y Zhu, SS Du, L Fei-Fei, JB Tenenbaum",
                    "Paper_conference_and_year": "IJCAI 2020, 2019",
                    "Paper_cited_by": "7"
                },
                {
                    "Paper_name": "Progressive Adversarial Networks for Fine-Grained Domain Adaptation",
                    "Paper_authors": "S Wang, X Chen, Y Wang, M Long, J Wang",
                    "Paper_conference_and_year": "CVPR 2020, 9213-9222, 2020",
                    "Paper_cited_by": "4"
                },
                {
                    "Paper_name": "Z-order recurrent neural networks for video prediction",
                    "Paper_authors": "J Zhang, Y Wang, M Long, W Jianmin, SY Philip",
                    "Paper_conference_and_year": "ICME 2019, 230-235, 2019",
                    "Paper_cited_by": "2"
                },
                {
                    "Paper_name": "Unsupervised Transfer Learning for Spatiotemporal Predictive Networks",
                    "Paper_authors": "Z Yao, Y Wang, M Long, J Wang",
                    "Paper_conference_and_year": "ICML 2020, 0",
                    "Paper_cited_by": "2"
                },
                {
                    "Paper_name": "A Multi-Player Minimax Game for Generative Adversarial Networks",
                    "Paper_authors": "Y Jin, Y Wang, M Long, J Wang, SY Philip, J Sun",
                    "Paper_conference_and_year": "ICME 2020, 2020",
                    "Paper_cited_by": "1"
                },
                {
                    "Paper_name": "Adversarial Pyramid Network for Video Domain Generalization",
                    "Paper_authors": "Z Yao, Y Wang, X Du, M Long, J Wang",
                    "Paper_conference_and_year": "arXiv preprint arXiv:1912.03716, 2019",
                    "Paper_cited_by": "1"
                },
                {
                    "Paper_name": "Multi-Task Learning of Generalizable Representations for Video Action Recognition",
                    "Paper_authors": "Z Yao, Y Wang, M Long, J Wang, SY Philip, J Sun",
                    "Paper_conference_and_year": "ICME 2020, 2020",
                    "Paper_cited_by": ""
                },
                {
                    "Paper_name": "Probabilistic Video Prediction from Noisy Data with a Posterior Confidence",
                    "Paper_authors": "Y Wang, J Wu, M Long, JB Tenenbaum",
                    "Paper_conference_and_year": "CVPR 2020, 10830-10839, 2020",
                    "Paper_cited_by": ""
                }
            ],
            "Co_authors": [
                {
                    "Co_authors_name": "Mingsheng Long",
                    "Co_authors_title_and_institution": "Associate Professor, Tsinghua University"
                },
                {
                    "Co_authors_name": "Jianmin Wang",
                    "Co_authors_title_and_institution": "School of Software, Tsinghua University"
                },
                {
                    "Co_authors_name": "Philip S. Yu",
                    "Co_authors_title_and_institution": "Professor of Computer Science, University of Illinons at Chicago"
                },
                {
                    "Co_authors_name": "Li Fei-Fei",
                    "Co_authors_title_and_institution": "Professor of Computer Science, Stanford University"
                },
                {
                    "Co_authors_name": "Jianjin Zhang",
                    "Co_authors_title_and_institution": "Microsoft"
                },
                {
                    "Co_authors_name": "Ming-Hsuan Yang",
                    "Co_authors_title_and_institution": "Professor, University of California at Merced; Research Scientist, Google"
                },
                {
                    "Co_authors_name": "Lu Jiang",
                    "Co_authors_title_and_institution": "Senior Research Scientist at Google Research"
                },
                {
                    "Co_authors_name": "Joshua B. Tenenbaum",
                    "Co_authors_title_and_institution": "MIT"
                },
                {
                    "Co_authors_name": "Jiajun Wu",
                    "Co_authors_title_and_institution": "Stanford University"
                },
                {
                    "Co_authors_name": "Yuke Zhu",
                    "Co_authors_title_and_institution": "Assistant Professor of Computer Science, The University of Texas at Austin"
                },
                {
                    "Co_authors_name": "Bo Liu",
                    "Co_authors_title_and_institution": "University of Texas at Austin"
                }
            ],
            "Cited_graph": [
                "2017",
                "2018",
                "2019",
                "2020",
                "2021",
                "3",
                "62",
                "163",
                "298",
                "75"
            ]
        }
    ]
}