{
    "features": [
        {
            "Name": "Bin Shen",
            "Title and University": "Shanghai Jiao Tong University",
            "Homepage": "",
            "Interests": [],
            "Papers": [
                {
                    "Paper_name": "Deposition and friction properties of ultra-smooth composite diamond films on Co-cemented tungsten carbide substrates",
                    "Paper_authors": "B Shen, F Sun",
                    "Paper_conference_and_year": "Diamond and Related Materials 18 (2-3), 238-243, 2009",
                    "Paper_cited_by": "112"
                },
                {
                    "Paper_name": "Fabrication and application of nano\u2013microcrystalline composite diamond films on the interior hole surfaces of Co cemented tungsten carbide substrates",
                    "Paper_authors": "F Sun, Y Ma, B Shen, Z Zhang, M Chen",
                    "Paper_conference_and_year": "Diamond and Related Materials 18 (2-3), 276-282, 2009",
                    "Paper_cited_by": "101"
                },
                {
                    "Paper_name": "Study on tribological behavior and cutting performance of CVD diamond and DLC films on Co-cemented tungsten carbide substrates",
                    "Paper_authors": "D Zhang, B Shen, F Sun",
                    "Paper_conference_and_year": "Applied Surface Science 256 (8), 2479-2489, 2010",
                    "Paper_cited_by": "75"
                },
                {
                    "Paper_name": "Tribological properties and cutting performance of boron and silicon doped diamond films on Co-cemented tungsten carbide inserts",
                    "Paper_authors": "L Wang, X Lei, B Shen, F Sun, Z Zhang",
                    "Paper_conference_and_year": "Diamond and Related Materials 33, 54-62, 2013",
                    "Paper_cited_by": "65"
                },
                {
                    "Paper_name": "Effect of boron and silicon doping on improving the cutting performance of CVD diamond coated cutting tools in machining CFRP",
                    "Paper_authors": "JG Zhang, XC Wang, B Shen, FH Sun",
                    "Paper_conference_and_year": "International Journal of Refractory Metals and Hard Materials 41, 285-292, 2013",
                    "Paper_cited_by": "51"
                },
                {
                    "Paper_name": "Tribological behavior between micro-and nano-crystalline diamond films under dry sliding and water lubrication",
                    "Paper_authors": "X Lei, B Shen, S Chen, L Wang, F Sun",
                    "Paper_conference_and_year": "Tribology International 69, 118-127, 2014",
                    "Paper_cited_by": "49"
                },
                {
                    "Paper_name": "Study on fabrication and cutting performance of high quality diamond coated PCB milling tools with complicated geometries",
                    "Paper_authors": "B Shen, FH Sun, HG Xue, M Chen, ZM Zhang",
                    "Paper_conference_and_year": "Surface Engineering 25 (1), 70-76, 2009",
                    "Paper_cited_by": "45"
                },
                {
                    "Paper_name": "Influence of pretreatment and deposition parameters on the properties and cutting performance of NCD coated PCB micro drills",
                    "Paper_authors": "X Lei, B Shen, L Cheng, F Sun, M Chen",
                    "Paper_conference_and_year": "International Journal of Refractory Metals and Hard Materials 43, 30-41, 2014",
                    "Paper_cited_by": "39"
                },
                {
                    "Paper_name": "Simulation of temperature and gas density field distribution in diamond films growth on silicon wafer by hot filament CVD",
                    "Paper_authors": "T Zhang, J Zhang, B Shen, F Sun",
                    "Paper_conference_and_year": "Journal of Crystal Growth 343 (1), 55-61, 2012",
                    "Paper_cited_by": "37"
                },
                {
                    "Paper_name": "Simulation and experimental research on the substrate temperature distribution in HFCVD diamond film growth on the inner hole surface",
                    "Paper_authors": "X Wang, T Zhang, B Shen, J Zhang, F Sun",
                    "Paper_conference_and_year": "Surface and Coatings Technology 219, 109-118, 2013",
                    "Paper_cited_by": "36"
                },
                {
                    "Paper_name": "Tribological and cutting behavior of silicon nitride tools coated with monolayer-and multilayer-microcrystalline HFCVD diamond films",
                    "Paper_authors": "N Chen, B Shen, G Yang, F Sun",
                    "Paper_conference_and_year": "Applied Surface Science 265, 850-859, 2013",
                    "Paper_cited_by": "32"
                },
                {
                    "Paper_name": "Investigations on the fabrication and erosion behavior of the composite diamond coated nozzles",
                    "Paper_authors": "XC Wang, JG Zhang, FH Sun, T Zhang, B Shen",
                    "Paper_conference_and_year": "Wear 304 (1-2), 126-137, 2013",
                    "Paper_cited_by": "28"
                },
                {
                    "Paper_name": "Application of ultra-smooth composite diamond film coated WC\u2013Co drawing dies under water-lubricating conditions",
                    "Paper_authors": "S Bin, F Sun, Z Zhang, H Shen, S Guo",
                    "Paper_conference_and_year": "Transactions of Nonferrous Metals Society of China 23 (1), 161-169, 2013",
                    "Paper_cited_by": "27"
                },
                {
                    "Paper_name": "Friction and wear performance of boron doped, undoped microcrystalline and fine grained composite diamond films",
                    "Paper_authors": "X Wang, L Wang, B Shen, F Sun",
                    "Paper_conference_and_year": "Chinese Journal of Mechanical Engineering 28 (1), 155-163, 2015",
                    "Paper_cited_by": "25"
                },
                {
                    "Paper_name": "Optimization on the HFCVD setup for the mass-production of diamond-coated micro-tools based on the FVM temperature simulation",
                    "Paper_authors": "B Shen, B Song, L Cheng, X Lei, F Sun",
                    "Paper_conference_and_year": "Surface and Coatings Technology 253, 123-131, 2014",
                    "Paper_cited_by": "22"
                },
                {
                    "Paper_name": "Fabrication and application of boron-doped diamond coated rectangular-hole shaped drawing dies",
                    "Paper_authors": "X Wang, Z Lin, T Zhang, B Shen, F Sun",
                    "Paper_conference_and_year": "International Journal of Refractory Metals and Hard Materials 41, 422-431, 2013",
                    "Paper_cited_by": "22"
                },
                {
                    "Paper_name": "Effect of boron-doped diamond interlayer on cutting performance of diamond coated micro drills for graphite machining",
                    "Paper_authors": "X Lei, L Wang, B Shen, F Sun, Z Zhang",
                    "Paper_conference_and_year": "Materials 6 (8), 3128-3138, 2013",
                    "Paper_cited_by": "20"
                },
                {
                    "Paper_name": "Synergistic friction-reducing and anti-wear behaviors of graphene with micro-and nano-crystalline diamond films",
                    "Paper_authors": "S Chen, B Shen, Y Chen, F Sun",
                    "Paper_conference_and_year": "Diamond and Related Materials 73, 25-32, 2017",
                    "Paper_cited_by": "18"
                },
                {
                    "Paper_name": "Enhancement on the tribological performance of diamond films by utilizing graphene coating as a solid lubricant",
                    "Paper_authors": "B Shen, S Chen, Y Chen, F Sun",
                    "Paper_conference_and_year": "Surface and Coatings Technology 311, 35-45, 2017",
                    "Paper_cited_by": "17"
                },
                {
                    "Paper_name": "The effect of deposition parameters on the morphology of micron diamond powders synthesized by HFCVD method",
                    "Paper_authors": "T Zhang, X Wang, B Shen, F Sun, Z Zhang",
                    "Paper_conference_and_year": "Journal of Crystal Growth 372, 49-56, 2013",
                    "Paper_cited_by": "17"
                }
            ],
            "Co_authors": [],
            "Cited_graph": [
                "2010",
                "2011",
                "2012",
                "2013",
                "2014",
                "2015",
                "2016",
                "2017",
                "2018",
                "2019",
                "2020",
                "2021",
                "19",
                "19",
                "22",
                "73",
                "117",
                "108",
                "139",
                "120",
                "152",
                "116",
                "125",
                "58"
            ]
        },
        {
            "Name": "cewu lu",
            "Title and University": "Research Professor of Shanghai Jiao Tong University",
            "Homepage": "",
            "Interests": [
                "Computer Vision",
                "Machine Learning",
                "Computational Photography"
            ],
            "Papers": [
                {
                    "Paper_name": "Image smoothing via L0 gradient minimization",
                    "Paper_authors": "L Xu, C Lu, Y Xu, J Jia",
                    "Paper_conference_and_year": "Proceedings of the 2011 SIGGRAPH Asia Conference, 1-12, 2011",
                    "Paper_cited_by": "1186"
                },
                {
                    "Paper_name": "Visual relationship detection with language priors",
                    "Paper_authors": "C Lu, R Krishna, M Bernstein, L Fei-Fei",
                    "Paper_conference_and_year": "European conference on computer vision, 852-869, 2016",
                    "Paper_cited_by": "576"
                },
                {
                    "Paper_name": "Rmpe: Regional multi-person pose estimation",
                    "Paper_authors": "HS Fang, S Xie, YW Tai, C Lu",
                    "Paper_conference_and_year": "Proceedings of the IEEE International Conference on Computer Vision, 2334-2343, 2017",
                    "Paper_cited_by": "568"
                },
                {
                    "Paper_name": "Abnormal event detection at 150 fps in matlab",
                    "Paper_authors": "C Lu, J Shi, J Jia",
                    "Paper_conference_and_year": "Proceedings of the IEEE international conference on computer vision, 2720-2727, 2013",
                    "Paper_cited_by": "507"
                },
                {
                    "Paper_name": "A scalable active framework for region annotation in 3d shape collections",
                    "Paper_authors": "L Yi, VG Kim, D Ceylan, IC Shen, M Yan, H Su, C Lu, Q Huang, A Sheffer, ...",
                    "Paper_conference_and_year": "ACM Transactions on Graphics (ToG) 35 (6), 1-12, 2016",
                    "Paper_cited_by": "365"
                },
                {
                    "Paper_name": "Deep lac: Deep localization, alignment and classification for fine-grained recognition",
                    "Paper_authors": "D Lin, X Shen, C Lu, J Jia",
                    "Paper_conference_and_year": "Proceedings of the IEEE conference on computer vision and pattern\u00a0\u2026, 2015",
                    "Paper_cited_by": "236"
                },
                {
                    "Paper_name": "Densefusion: 6d object pose estimation by iterative dense fusion",
                    "Paper_authors": "C Wang, D Xu, Y Zhu, R Mart\u00edn-Mart\u00edn, C Lu, L Fei-Fei, S Savarese",
                    "Paper_conference_and_year": "Proceedings of the IEEE/CVF Conference on Computer Vision and Pattern\u00a0\u2026, 2019",
                    "Paper_cited_by": "226"
                },
                {
                    "Paper_name": "Virtual to real reinforcement learning for autonomous driving",
                    "Paper_authors": "X Pan, Y You, Z Wang, C Lu",
                    "Paper_conference_and_year": "arXiv preprint arXiv:1704.03952, 2017",
                    "Paper_cited_by": "187"
                },
                {
                    "Paper_name": "Online robust dictionary learning",
                    "Paper_authors": "C Lu, J Shi, J Jia",
                    "Paper_conference_and_year": "Proceedings of the IEEE Conference on Computer Vision and Pattern\u00a0\u2026, 2013",
                    "Paper_cited_by": "138"
                },
                {
                    "Paper_name": "Pose flow: Efficient online pose tracking",
                    "Paper_authors": "Y Xiu, J Li, H Wang, Y Fang, C Lu",
                    "Paper_conference_and_year": "arXiv preprint arXiv:1802.00977, 2018",
                    "Paper_cited_by": "134"
                },
                {
                    "Paper_name": "Range-sample depth feature for action recognition",
                    "Paper_authors": "C Lu, J Jia, CK Tang",
                    "Paper_conference_and_year": "Proceedings of the IEEE conference on computer vision and pattern\u00a0\u2026, 2014",
                    "Paper_cited_by": "131"
                },
                {
                    "Paper_name": "Pointsift: A sift-like network module for 3d point cloud semantic segmentation",
                    "Paper_authors": "M Jiang, Y Wu, T Zhao, Z Zhao, C Lu",
                    "Paper_conference_and_year": "arXiv preprint arXiv:1807.00652, 2018",
                    "Paper_cited_by": "123"
                },
                {
                    "Paper_name": "Contrast preserving decolorization",
                    "Paper_authors": "C Lu, L Xu, J Jia",
                    "Paper_conference_and_year": "2012 IEEE International Conference on Computational Photography (ICCP), 1-7, 2012",
                    "Paper_cited_by": "123"
                },
                {
                    "Paper_name": "Combining sketch and tone for pencil drawing production",
                    "Paper_authors": "C Lu, L Xu, J Jia",
                    "Paper_conference_and_year": "Proceedings of the symposium on non-photorealistic animation and rendering\u00a0\u2026, 2012",
                    "Paper_cited_by": "122"
                },
                {
                    "Paper_name": "Learning important spatial pooling regions for scene classification",
                    "Paper_authors": "D Lin, C Lu, R Liao, J Jia",
                    "Paper_conference_and_year": "Proceedings of the IEEE Conference on Computer Vision and Pattern\u00a0\u2026, 2014",
                    "Paper_cited_by": "120"
                },
                {
                    "Paper_name": "Two-class weather classification",
                    "Paper_authors": "C Lu, D Lin, J Jia, CK Tang",
                    "Paper_conference_and_year": "Proceedings of the IEEE Conference on Computer Vision and Pattern\u00a0\u2026, 2014",
                    "Paper_cited_by": "100"
                },
                {
                    "Paper_name": "Crowdpose: Efficient crowded scenes pose estimation and a new benchmark",
                    "Paper_authors": "J Li, C Wang, H Zhu, Y Mao, HS Fang, C Lu",
                    "Paper_conference_and_year": "Proceedings of the IEEE/CVF Conference on Computer Vision and Pattern\u00a0\u2026, 2019",
                    "Paper_cited_by": "78"
                },
                {
                    "Paper_name": "Transferable interactiveness knowledge for human-object interaction detection",
                    "Paper_authors": "YL Li, S Zhou, X Huang, L Xu, Z Ma, HS Fang, Y Wang, C Lu",
                    "Paper_conference_and_year": "Proceedings of the IEEE/CVF Conference on Computer Vision and Pattern\u00a0\u2026, 2019",
                    "Paper_cited_by": "76"
                },
                {
                    "Paper_name": "Contrast preserving decolorization with perception-based quality metrics",
                    "Paper_authors": "C Lu, L Xu, J Jia",
                    "Paper_conference_and_year": "International journal of computer vision 110 (2), 222-239, 2014",
                    "Paper_cited_by": "63"
                },
                {
                    "Paper_name": "Lidar-video driving dataset: Learning driving policies effectively",
                    "Paper_authors": "Y Chen, J Wang, J Li, C Lu, Z Luo, H Xue, C Wang",
                    "Paper_conference_and_year": "Proceedings of the IEEE Conference on Computer Vision and Pattern\u00a0\u2026, 2018",
                    "Paper_cited_by": "59"
                }
            ],
            "Co_authors": [
                {
                    "Co_authors_name": "Jiaya Jia",
                    "Co_authors_title_and_institution": "Professor, CUHK"
                },
                {
                    "Co_authors_name": "Chi Keung Tang",
                    "Co_authors_title_and_institution": "Professor of Computer Science and Engineering, Hong Kong University of Science and Technology"
                },
                {
                    "Co_authors_name": "Li Xu",
                    "Co_authors_title_and_institution": "CEO, SenseTime Group Limited"
                },
                {
                    "Co_authors_name": "Jianping Shi",
                    "Co_authors_title_and_institution": "SenseTime Group Limited"
                },
                {
                    "Co_authors_name": "Leonidas Guibas",
                    "Co_authors_title_and_institution": "Professor of Computer Science, Stanford University"
                },
                {
                    "Co_authors_name": "Li Fei-Fei",
                    "Co_authors_title_and_institution": "Professor of Computer Science, Stanford University"
                },
                {
                    "Co_authors_name": "Di Lin",
                    "Co_authors_title_and_institution": "Associate Professor, Tianjin University"
                },
                {
                    "Co_authors_name": "Hao Su",
                    "Co_authors_title_and_institution": "Professor of Computer Science, UCSD"
                },
                {
                    "Co_authors_name": "Li Yi",
                    "Co_authors_title_and_institution": "Google Research"
                },
                {
                    "Co_authors_name": "Yao Xiao",
                    "Co_authors_title_and_institution": "Hong Kong University of Science and Technology"
                },
                {
                    "Co_authors_name": "Ranjay Krishna",
                    "Co_authors_title_and_institution": "PhD Candidate at Stanford University"
                },
                {
                    "Co_authors_name": "Michael S. Bernstein",
                    "Co_authors_title_and_institution": "Associate Professor, Stanford University"
                },
                {
                    "Co_authors_name": "Dimitrios Gunopulos",
                    "Co_authors_title_and_institution": "National and Kapodistrian University of Athens"
                },
                {
                    "Co_authors_name": "Renjie Liao",
                    "Co_authors_title_and_institution": "University of Toronto"
                },
                {
                    "Co_authors_name": "Xiaogang Wang",
                    "Co_authors_title_and_institution": "Associate Professor of Electronic Engineering, the Chinese University of Hong Kong"
                },
                {
                    "Co_authors_name": "Shuai Yi",
                    "Co_authors_title_and_institution": "Department of Electronic Engineering, The Chinese University of Hong Kong"
                },
                {
                    "Co_authors_name": "Xinlei Pan",
                    "Co_authors_title_and_institution": "University of California, Berkeley"
                },
                {
                    "Co_authors_name": "Efstratios Tsougenis",
                    "Co_authors_title_and_institution": "Hong Kong Hospital Authority"
                },
                {
                    "Co_authors_name": "Qiang Yang (\u6768\u5f3a\uff09",
                    "Co_authors_title_and_institution": "Chief AI Officer@WeBank, Chair Prof.@HKUST, IJCAI President 2017-19, AAAI-21 General Chair"
                },
                {
                    "Co_authors_name": "Hongsheng Li (\u674e\u9e3f\u5347)",
                    "Co_authors_title_and_institution": "Assistant Professor at The Chinese University of Hong Kong"
                }
            ],
            "Cited_graph": [
                "2012",
                "2013",
                "2014",
                "2015",
                "2016",
                "2017",
                "2018",
                "2019",
                "2020",
                "2021",
                "31",
                "86",
                "173",
                "300",
                "397",
                "580",
                "806",
                "1336",
                "1885",
                "425"
            ]
        },
        {
            "Name": "Junchi Yan",
            "Title and University": "Research Professor, Shanghai Jiao Tong University, Previously IBM Research",
            "Homepage": "http://thinklab.sjtu.edu.cn/",
            "Interests": [
                "Machine Learning for Combinatorial Optimization",
                "Sequence Learning",
                "Graph Learning"
            ],
            "Papers": [
                {
                    "Paper_name": "Unsupervised deep learning for optical flow estimation",
                    "Paper_authors": "Z Ren, J Yan, B Ni, B Liu, X Yang, H Zha",
                    "Paper_conference_and_year": "AAAI 2017, 2017",
                    "Paper_cited_by": "191"
                },
                {
                    "Paper_name": "Visual saliency detection via sparsity pursuit",
                    "Paper_authors": "J Yan, M Zhu, H Liu, Y Liu",
                    "Paper_conference_and_year": "IEEE Signal Processing Letters 17 (8), 739-742, 2010",
                    "Paper_cited_by": "189"
                },
                {
                    "Paper_name": "Person re-identification with correspondence structure learning",
                    "Paper_authors": "Y Shen, W Lin, J Yan, M Xu, J Wu, J Wang",
                    "Paper_conference_and_year": "ICCV 2015, 2015",
                    "Paper_cited_by": "173"
                },
                {
                    "Paper_name": "Multi-graph matching via affinity optimization with graduated consistency regularization",
                    "Paper_authors": "J Yan, M Cho, H Zha, X Yang, SM Chu",
                    "Paper_conference_and_year": "IEEE transactions on pattern analysis and machine intelligence 38 (6), 1228-1242, 2015",
                    "Paper_cited_by": "128"
                },
                {
                    "Paper_name": "Modeling the intensity function of point process via recurrent neural networks",
                    "Paper_authors": "S Xiao, J Yan, X Yang, H Zha, S Chu",
                    "Paper_conference_and_year": "AAAI 2017, 2017",
                    "Paper_cited_by": "116"
                },
                {
                    "Paper_name": "SCRDet: Towards more robust detection for small, cluttered and rotated objects",
                    "Paper_authors": "X Yang, J Yang, J Yan, Y Zhang, T Zhang, Z Guo, X Sun, K Fu",
                    "Paper_conference_and_year": "ICCV 2019, 2019",
                    "Paper_cited_by": "108"
                },
                {
                    "Paper_name": "Prediction of RNA-protein sequence and structure binding preferences using deep convolutional and recurrent neural networks",
                    "Paper_authors": "X Pan, P Rijnbeek, J Yan, HB Shen",
                    "Paper_conference_and_year": "BMC genomics 19 (1), 1-11, 2018",
                    "Paper_cited_by": "106"
                },
                {
                    "Paper_name": "A short survey of recent advances in graph matching",
                    "Paper_authors": "J Yan, XC Yin, W Lin, C Deng, H Zha, X Yang",
                    "Paper_conference_and_year": "ICMR 2016, 2016",
                    "Paper_cited_by": "96"
                },
                {
                    "Paper_name": "Wasserstein learning of deep generative point process models",
                    "Paper_authors": "S Xiao, M Farajtabar, X Ye, J Yan, L Song, H Zha",
                    "Paper_conference_and_year": "NIPS 2017, 2017",
                    "Paper_cited_by": "95"
                },
                {
                    "Paper_name": "Consistency-driven alternating optimization for multigraph matching: A unified approach",
                    "Paper_authors": "J Yan, J Wang, H Zha, X Yang, S Chu",
                    "Paper_conference_and_year": "IEEE Transactions on Image Processing 24 (3), 994-1009, 2015",
                    "Paper_cited_by": "95"
                },
                {
                    "Paper_name": "Visual saliency based on conditional entropy",
                    "Paper_authors": "Y Li, Y Zhou, J Yan, Z Niu, J Yang",
                    "Paper_conference_and_year": "ACCV 2009, 2009",
                    "Paper_cited_by": "94"
                },
                {
                    "Paper_name": "Personalized key frame recommendation",
                    "Paper_authors": "X Chen, Y Zhang, Q Ai, H Xu, J Yan, Z Qin",
                    "Paper_conference_and_year": "SIGIR 2017, 2017",
                    "Paper_cited_by": "79"
                },
                {
                    "Paper_name": "Discriminative dictionary learning with common label alignment for cross-modal retrieval",
                    "Paper_authors": "C Deng, X Tang, J Yan, W Liu, X Gao",
                    "Paper_conference_and_year": "IEEE Transactions on Multimedia 18 (2), 208-218, 2015",
                    "Paper_cited_by": "73"
                },
                {
                    "Paper_name": "IPMiner: hidden ncRNA-protein interaction sequential pattern mining with stacked autoencoder for accurate computational prediction",
                    "Paper_authors": "X Pan, YX Fan, J Yan, HB Shen",
                    "Paper_conference_and_year": "BMC genomics 17 (1), 1-14, 2016",
                    "Paper_cited_by": "69"
                },
                {
                    "Paper_name": "Optimum subspace learning and error correction for tensors",
                    "Paper_authors": "Y Li, J Yan, Y Zhou, J Yang",
                    "Paper_conference_and_year": "ECCV 2010, 2010",
                    "Paper_cited_by": "68"
                },
                {
                    "Paper_name": "Deep spectral clustering using dual autoencoder network",
                    "Paper_authors": "X Yang, C Deng, F Zheng, J Yan, W Liu",
                    "Paper_conference_and_year": "CVPR 2019, 2019",
                    "Paper_cited_by": "65"
                },
                {
                    "Paper_name": "On Modeling and Predicting Individual Paper Citation Count over Time.",
                    "Paper_authors": "S Xiao, J Yan, C Li, B Jin, X Wang, X Yang, SM Chu, H Zha",
                    "Paper_conference_and_year": "IJCAI 2016, 2016",
                    "Paper_cited_by": "63"
                },
                {
                    "Paper_name": "Discrete hyper-graph matching",
                    "Paper_authors": "J Yan, C Zhang, H Zha, W Liu, X Yang, SM Chu",
                    "Paper_conference_and_year": "CVPR 2015, 2015",
                    "Paper_cited_by": "61"
                },
                {
                    "Paper_name": "Joint optimization for consistent multiple graph matching",
                    "Paper_authors": "J Yan, Y Tian, H Zha, X Yang, Y Zhang, SM Chu",
                    "Paper_conference_and_year": "ICCV 2013, 2013",
                    "Paper_cited_by": "60"
                },
                {
                    "Paper_name": "On estimating air pollution from photos using convolutional neural network",
                    "Paper_authors": "C Zhang, J Yan, C Li, X Rui, L Liu, R Bie",
                    "Paper_conference_and_year": "ACM MM 2016, 2016",
                    "Paper_cited_by": "58"
                }
            ],
            "Co_authors": [
                {
                    "Co_authors_name": "Xiaokang Yang",
                    "Co_authors_title_and_institution": "FIEEE, Shanghai Jiao Tong University"
                },
                {
                    "Co_authors_name": "Stephen Chu",
                    "Co_authors_title_and_institution": "Research Staff Member, IBM T. J. Watson Research Center"
                },
                {
                    "Co_authors_name": "Changsheng Li \u674e\u957f\u5347",
                    "Co_authors_title_and_institution": "Professor, Beijing Institute of Technology"
                },
                {
                    "Co_authors_name": "Xiangfeng Wang \u738b\u7965\u4e30",
                    "Co_authors_title_and_institution": "Multi-agent Artificial Intelligence Laboratory, East China Normal University"
                },
                {
                    "Co_authors_name": "Shuai Xiao \u8096\u5e05",
                    "Co_authors_title_and_institution": "Alibaba Group"
                },
                {
                    "Co_authors_name": "Weiyao Lin",
                    "Co_authors_title_and_institution": "Professor, Shanghai Jiao Tong University"
                },
                {
                    "Co_authors_name": "Cheng Deng \uff08\u9093\u6210\uff09",
                    "Co_authors_title_and_institution": "School of Electronic Engineering, Xi'an 710071, Xidian University"
                },
                {
                    "Co_authors_name": "Yin Li",
                    "Co_authors_title_and_institution": "Assistant Professor, University of Wisconsin-Madison"
                },
                {
                    "Co_authors_name": "Dongsheng Li",
                    "Co_authors_title_and_institution": "Microsoft Research Asia"
                },
                {
                    "Co_authors_name": "Wei Liu",
                    "Co_authors_title_and_institution": "Tencent"
                },
                {
                    "Co_authors_name": "Hongteng Xu \u8bb8\u6d2a\u817e",
                    "Co_authors_title_and_institution": "Associate Professor (Tenure-Track), Renmin University of China"
                },
                {
                    "Co_authors_name": "Xiaoyong Pan",
                    "Co_authors_title_and_institution": "Shanghai Jiao Tong University"
                },
                {
                    "Co_authors_name": "Runzhong Wang",
                    "Co_authors_title_and_institution": "Shanghai Jiao Tong University"
                },
                {
                    "Co_authors_name": "Mehrdad Farajtabar",
                    "Co_authors_title_and_institution": "Research Scientist, Google DeepMind"
                },
                {
                    "Co_authors_name": "Le Song",
                    "Co_authors_title_and_institution": "Georgia Institute of Technology"
                },
                {
                    "Co_authors_name": "Tianshu Yu",
                    "Co_authors_title_and_institution": "Arizona State University"
                },
                {
                    "Co_authors_name": "Ke Zhou",
                    "Co_authors_title_and_institution": "Twitter Inc."
                },
                {
                    "Co_authors_name": "Jinfeng Yi (\u6613\u6d25\u950b)",
                    "Co_authors_title_and_institution": "JD AI Research"
                }
            ],
            "Cited_graph": [
                "2011",
                "2012",
                "2013",
                "2014",
                "2015",
                "2016",
                "2017",
                "2018",
                "2019",
                "2020",
                "2021",
                "10",
                "29",
                "42",
                "85",
                "164",
                "186",
                "371",
                "559",
                "804",
                "1135",
                "288"
            ]
        },
        {
            "Name": "Lizhuang Ma",
            "Title and University": "Shanghai Jiao Tong University",
            "Homepage": "",
            "Interests": [
                "Computer Graphics",
                "Image Processing",
                "Computer Vision"
            ],
            "Papers": [
                {
                    "Paper_name": "Color transfer in correlated color space",
                    "Paper_authors": "X Xiao, L Ma",
                    "Paper_conference_and_year": "Proceedings of the 2006 ACM international conference on Virtual reality\u00a0\u2026, 2006",
                    "Paper_cited_by": "182"
                },
                {
                    "Paper_name": "Gradient\u2010preserving color transfer",
                    "Paper_authors": "X Xiao, L Ma",
                    "Paper_conference_and_year": "Computer Graphics Forum 28 (7), 1879-1886, 2009",
                    "Paper_cited_by": "117"
                },
                {
                    "Paper_name": "A new free-form deformation through the control of parametric surfaces",
                    "Paper_authors": "J Feng, L Ma, Q Peng",
                    "Paper_conference_and_year": "Computers & Graphics 20 (4), 531-539, 1996",
                    "Paper_cited_by": "110"
                },
                {
                    "Paper_name": "\u56fe\u50cf\u4e8c\u503c\u5316\u65f6\u56fe\u50cf\u7279\u5f81\u7684\u4fdd\u7559",
                    "Paper_authors": "\u738b\u5f3a\uff0c \u9a6c\u5229\u5e84",
                    "Paper_conference_and_year": "\u8ba1\u7b97\u673a\u8f85\u52a9\u8bbe\u8ba1\u4e0e\u56fe\u5f62\u5b66\u5b66\u62a5 12 (010), 746-750, 2000",
                    "Paper_cited_by": "62"
                },
                {
                    "Paper_name": "Deep Adaptive Attention for Joint Facial Action Unit Detection and Face Alignment",
                    "Paper_authors": "Z Shao, Z Liu, J Cai, L Ma",
                    "Paper_conference_and_year": "Proceedings of the European Conference on Computer Vision (ECCV), 725-740, 2018",
                    "Paper_cited_by": "60"
                },
                {
                    "Paper_name": "Interactive tooth segmentation of dental models",
                    "Paper_authors": "M Zhao, L Ma, W Tan, D Nie",
                    "Paper_conference_and_year": "2005 IEEE Engineering in Medicine and Biology 27th Annual Conference, 654-657, 2006",
                    "Paper_cited_by": "53"
                },
                {
                    "Paper_name": "Feature selection and syndrome prediction for liver cirrhosis in traditional Chinese medicine",
                    "Paper_authors": "Y Wang, L Ma, P Liu",
                    "Paper_conference_and_year": "Computer Methods and Programs in Biomedicine 95 (3), 249-257, 2009",
                    "Paper_cited_by": "47"
                },
                {
                    "Paper_name": "Saliency-guided color-to-gray conversion using region-based optimization",
                    "Paper_authors": "H Du, S He, B Sheng, L Ma, RWH Lau",
                    "Paper_conference_and_year": "IEEE Transactions on Image Processing 24 (1), 434-443, 2014",
                    "Paper_cited_by": "40"
                },
                {
                    "Paper_name": "Comparison of different color spaces for image segmentation using graph-cut",
                    "Paper_authors": "X Wang, R H\u00e4nsch, L Ma, O Hellwich",
                    "Paper_conference_and_year": "2014 International Conference on Computer Vision Theory and Applications\u00a0\u2026, 2014",
                    "Paper_cited_by": "40"
                },
                {
                    "Paper_name": "Virtual 3d sculpting",
                    "Paper_authors": "JPY Wong, RWH Lau, L Ma",
                    "Paper_conference_and_year": "The Journal of Visualization and Computer Animation 11 (3), 155-166, 2000",
                    "Paper_cited_by": "40"
                },
                {
                    "Paper_name": "A fast and robust image stitching algorithm",
                    "Paper_authors": "Y Li, L Ma",
                    "Paper_conference_and_year": "2006 6th world congress on intelligent control and automation 2, 9604-9608, 2006",
                    "Paper_cited_by": "39"
                },
                {
                    "Paper_name": "Optimization based grayscale image colorization",
                    "Paper_authors": "D Nie, Q Ma, L Ma, S Xiao",
                    "Paper_conference_and_year": "Pattern recognition letters 28 (12), 1445-1451, 2007",
                    "Paper_cited_by": "34"
                },
                {
                    "Paper_name": "Pointwise Rotation-Invariant Network with Adaptive Sampling and 3D Spherical Voxel Convolution",
                    "Paper_authors": "Y You, Y Lou, Q Liu, YW Tai, L Ma, C Lu, W Wang",
                    "Paper_conference_and_year": "arXiv preprint arXiv:1811.09361, 2018",
                    "Paper_cited_by": "32"
                },
                {
                    "Paper_name": "\u7eb9\u7406\u5408\u6210\u6280\u672f\u7814\u7a76",
                    "Paper_authors": "\u5f90\u6653\u521a\uff0c \u9c8d\u864e\u519b\uff0c \u9a6c\u5229\u5e84",
                    "Paper_conference_and_year": "\u8ba1\u7b97\u673a\u7814\u7a76\u4e0e\u53d1\u5c55 39 (011), 1405-1411, 2002",
                    "Paper_cited_by": "32"
                },
                {
                    "Paper_name": "Multispectral joint image restoration via optimizing a scale map",
                    "Paper_authors": "X Shen, Q Yan, L Xu, L Ma, J Jia",
                    "Paper_conference_and_year": "IEEE transactions on pattern analysis and machine intelligence 37 (12), 2518\u00a0\u2026, 2015",
                    "Paper_cited_by": "30"
                },
                {
                    "Paper_name": "SUSAN structure preserving filtering for mesh denoising",
                    "Paper_authors": "Z Mao, L Ma, M Zhao, X Xiao",
                    "Paper_conference_and_year": "The Visual Computer 22 (4), 276-284, 2006",
                    "Paper_cited_by": "30"
                },
                {
                    "Paper_name": "Smoothing of free-form surfaces with B\u00e9zier patches",
                    "Paper_authors": "L Ma, Q Peng",
                    "Paper_conference_and_year": "Computer aided geometric design 12 (3), 231-249, 1995",
                    "Paper_cited_by": "27"
                },
                {
                    "Paper_name": "Facial action unit detection using attention and relation learning",
                    "Paper_authors": "Z Shao, Z Liu, J Cai, Y Wu, L Ma",
                    "Paper_conference_and_year": "IEEE transactions on affective computing, 2019",
                    "Paper_cited_by": "26"
                },
                {
                    "Paper_name": "Not all areas are equal: Transfer learning for semantic segmentation via hierarchical region selection",
                    "Paper_authors": "R Sun, X Zhu, C Wu, C Huang, J Shi, L Ma",
                    "Paper_conference_and_year": "Proceedings of the IEEE/CVF Conference on Computer Vision and Pattern\u00a0\u2026, 2019",
                    "Paper_cited_by": "26"
                },
                {
                    "Paper_name": "Temporally coherent video saliency using regional dynamic contrast",
                    "Paper_authors": "Y Li, B Sheng, L Ma, W Wu, Z Xie",
                    "Paper_conference_and_year": "IEEE Transactions on Circuits and Systems for Video Technology 23 (12), 2067\u00a0\u2026, 2013",
                    "Paper_cited_by": "26"
                }
            ],
            "Co_authors": [
                {
                    "Co_authors_name": "Zhiwen Shao (\u90b5\u5fd7\u6587)",
                    "Co_authors_title_and_institution": "School of Computer Science and Technology, China University of Mining and Technology"
                },
                {
                    "Co_authors_name": "\u674e\u91cd(Zhong Li)",
                    "Co_authors_title_and_institution": "Zhejiang Sci-Tech University"
                },
                {
                    "Co_authors_name": "Rynson W.H. Lau",
                    "Co_authors_title_and_institution": "City University of Hong Kong"
                },
                {
                    "Co_authors_name": "Jianping Shi",
                    "Co_authors_title_and_institution": "SenseTime Group Limited"
                },
                {
                    "Co_authors_name": "Zhilei Liu",
                    "Co_authors_title_and_institution": "Tianjin University"
                },
                {
                    "Co_authors_name": "\u9ec4\u98de\u8dc3, FY huang ,Feiyue Huang",
                    "Co_authors_title_and_institution": "\u817e\u8baf"
                },
                {
                    "Co_authors_name": "Chengjie WANG",
                    "Co_authors_title_and_institution": "YouTu Lab\uff0cTencent"
                },
                {
                    "Co_authors_name": "Ping Li",
                    "Co_authors_title_and_institution": "Chair Professor of Neurolinguistics and Bilingual Studies, The Hong Kong Polytechnic University"
                }
            ],
            "Cited_graph": [
                "1995",
                "1996",
                "1997",
                "1998",
                "1999",
                "2000",
                "2001",
                "2002",
                "2003",
                "2004",
                "2005",
                "2006",
                "2007",
                "2008",
                "2009",
                "2010",
                "2011",
                "2012",
                "2013",
                "2014",
                "2015",
                "2016",
                "2017",
                "2018",
                "2019",
                "2020",
                "2021",
                "10",
                "8",
                "6",
                "11",
                "15",
                "17",
                "28",
                "26",
                "32",
                "27",
                "53",
                "47",
                "70",
                "80",
                "93",
                "133",
                "121",
                "164",
                "166",
                "157",
                "158",
                "157",
                "178",
                "174",
                "251",
                "360",
                "88"
            ]
        },
        {
            "Name": "Weinan Zhang",
            "Title and University": "Associate Professor, Shanghai Jiao Tong University",
            "Homepage": "http://wnzhang.net/",
            "Interests": [
                "Reinforcement Learning",
                "Machine Learning",
                "Computational Advertising",
                "Recommender Systems"
            ],
            "Papers": [
                {
                    "Paper_name": "SeqGAN: Sequence generative adversarial nets with policy gradient",
                    "Paper_authors": "L Yu, W Zhang, J Wang, Y Yu",
                    "Paper_conference_and_year": "31st AAAI Conference on Artificial Intelligence (AAAI 2017), 2017",
                    "Paper_cited_by": "1430"
                },
                {
                    "Paper_name": "Efficient Architecture Search by Network Transformation",
                    "Paper_authors": "H Cai, T Chen, W Zhang, Y Yu, J Wang",
                    "Paper_conference_and_year": "AAAI 2018, 2018",
                    "Paper_cited_by": "352"
                },
                {
                    "Paper_name": "IRGAN: A Minimax Game for Unifying Generative and Discriminative Information Retrieval Models",
                    "Paper_authors": "J Wang, L Yu, W Zhang, Y Gong, Y Xu, B Wang, P Zhang, D Zhang",
                    "Paper_conference_and_year": "SIGIR 2017 (Best Paper Honorable Mention Award), 2017",
                    "Paper_cited_by": "340"
                },
                {
                    "Paper_name": "GraphGAN: Graph Representation Learning with Generative Adversarial Nets",
                    "Paper_authors": "H Wang, J Wang, J Wang, M Zhao, W Zhang, F Zhang, X Xie, M Guo",
                    "Paper_conference_and_year": "AAAI 2018, 2018",
                    "Paper_cited_by": "298"
                },
                {
                    "Paper_name": "Deep Learning over Multi-field Categorical Data: A Case Study on User Response Prediction",
                    "Paper_authors": "W Zhang, T Du, J Wang",
                    "Paper_conference_and_year": "European Conference on Information Retrieval, 2016",
                    "Paper_cited_by": "281"
                },
                {
                    "Paper_name": "Wasserstein distance guided representation learning for domain adaptation",
                    "Paper_authors": "J Shen, Y Qu, W Zhang, Y Yu",
                    "Paper_conference_and_year": "AAAI 2018, 2018",
                    "Paper_cited_by": "267"
                },
                {
                    "Paper_name": "Long Text Generation via Adversarial Training with Leaked Information",
                    "Paper_authors": "J Guo, S Lu, H Cai, W Zhang, Y Yu, J Wang",
                    "Paper_conference_and_year": "AAAI 2018, 2018",
                    "Paper_cited_by": "250"
                },
                {
                    "Paper_name": "Product-based neural networks for user response prediction",
                    "Paper_authors": "Y Qu, H Cai, K Ren, W Zhang, Y Yu, Y Wen, J Wang",
                    "Paper_conference_and_year": "2016 IEEE 16th International Conference on Data Mining (ICDM), 1149-1154, 2016",
                    "Paper_cited_by": "249"
                },
                {
                    "Paper_name": "Optimal Real-Time Bidding for Display Advertising",
                    "Paper_authors": "W Zhang, S Yuan, J Wang",
                    "Paper_conference_and_year": "Proceedings of the 20th ACM SIGKDD international conference on Knowledge\u00a0\u2026, 2014",
                    "Paper_cited_by": "223"
                },
                {
                    "Paper_name": "Mean Field Multi-Agent Reinforcement Learning",
                    "Paper_authors": "Y Yang, R Luo, M Li, M Zhou, W Zhang, J Wang",
                    "Paper_conference_and_year": "ICML 2018, 2018",
                    "Paper_cited_by": "209"
                },
                {
                    "Paper_name": "SVDFeature: a toolkit for feature-based collaborative filtering",
                    "Paper_authors": "T Chen, W Zhang, Q Lu, K Chen, Z Zheng, Y Yu",
                    "Paper_conference_and_year": "The Journal of Machine Learning Research 13 (1), 3619-3622, 2012",
                    "Paper_cited_by": "205"
                },
                {
                    "Paper_name": "Texygen: A Benchmarking Platform for Text Generation Models",
                    "Paper_authors": "Y Zhu, S Lu, L Zheng, J Guo, W Zhang, J Wang, Y Yu",
                    "Paper_conference_and_year": "SIGIR 2018, 2018",
                    "Paper_cited_by": "166"
                },
                {
                    "Paper_name": "Path-Level Network Transformation for Efficient Architecture Search",
                    "Paper_authors": "H Cai, J Yang, W Zhang, S Han, Y Yu",
                    "Paper_conference_and_year": "ICML 2018, 2018",
                    "Paper_cited_by": "134"
                },
                {
                    "Paper_name": "Real-Time Bidding by Reinforcement Learning in Display Advertising",
                    "Paper_authors": "H Cai, K Ren, W Zhang, K Malialis, J Wang, Y Yu, D Guo",
                    "Paper_conference_and_year": "WSDM 2017, 2017",
                    "Paper_cited_by": "127"
                },
                {
                    "Paper_name": "Interactive collaborative filtering",
                    "Paper_authors": "X Zhao, W Zhang, J Wang",
                    "Paper_conference_and_year": "Proceedings of the 22nd ACM international conference on Information\u00a0\u2026, 2013",
                    "Paper_cited_by": "123"
                },
                {
                    "Paper_name": "Display advertising with real-time bidding (RTB) and behavioural targeting",
                    "Paper_authors": "J Wang, W Zhang, S Yuan",
                    "Paper_conference_and_year": "Foundations and Trends\u00ae in Information Retrieval 11 (4-5), 2017",
                    "Paper_cited_by": "114"
                },
                {
                    "Paper_name": "Dynamic Attention Deep Model for Article Recommendation by Learning Human Editors\u2019 Demonstration",
                    "Paper_authors": "X Wang, L Yu, K Ren, G Tao, W Zhang, Y Yu, J Wang",
                    "Paper_conference_and_year": "KDD 2017, 2017",
                    "Paper_cited_by": "111"
                },
                {
                    "Paper_name": "Optimizing top-n collaborative filtering via dynamic negative item sampling",
                    "Paper_authors": "W Zhang, T Chen, J Wang, Y Yu",
                    "Paper_conference_and_year": "Proceedings of the 36th international ACM SIGIR conference on Research and\u00a0\u2026, 2013",
                    "Paper_cited_by": "103"
                },
                {
                    "Paper_name": "Unsupervised Diverse Colorization via Generative Adversarial Networks",
                    "Paper_authors": "Y Cao, Z Zhou, W Zhang, Y Yu",
                    "Paper_conference_and_year": "ECML-PKDD 2017, 2017",
                    "Paper_cited_by": "95"
                },
                {
                    "Paper_name": "MAgent: A Many-Agent Reinforcement Learning Platform for Artificial Collective Intelligence",
                    "Paper_authors": "L Zheng, J Yang, H Cai, W Zhang, J Wang, Y Yu",
                    "Paper_conference_and_year": "AAAI 2018 Demo Track, 2018",
                    "Paper_cited_by": "77"
                }
            ],
            "Co_authors": [
                {
                    "Co_authors_name": "Yong Yu (\u4fde\u52c7)",
                    "Co_authors_title_and_institution": "Professor, Shanghai Jiao Tong University"
                },
                {
                    "Co_authors_name": "Jun Wang",
                    "Co_authors_title_and_institution": "Professor, Computer Science, University College London"
                },
                {
                    "Co_authors_name": "Kan Ren",
                    "Co_authors_title_and_institution": "Microsoft Research"
                },
                {
                    "Co_authors_name": "Ying Wen",
                    "Co_authors_title_and_institution": "Assistant Professor, Shanghai Jiao Tong University"
                },
                {
                    "Co_authors_name": "Tianqi Chen",
                    "Co_authors_title_and_institution": "Carnegie Mellon University"
                },
                {
                    "Co_authors_name": "Ruiming Tang",
                    "Co_authors_title_and_institution": "Huawei"
                },
                {
                    "Co_authors_name": "Joemon Jose",
                    "Co_authors_title_and_institution": "Professor of Computer Science, University of Glasgow"
                },
                {
                    "Co_authors_name": "Shuai Yuan",
                    "Co_authors_title_and_institution": "Beeswax"
                },
                {
                    "Co_authors_name": "Xiaoxue Zhao",
                    "Co_authors_title_and_institution": "Computer Science, University College London"
                },
                {
                    "Co_authors_name": "Jian Xu",
                    "Co_authors_title_and_institution": "Director, Display Advertising, Alibaba Group"
                },
                {
                    "Co_authors_name": "Lantao Yu",
                    "Co_authors_title_and_institution": "Ph.D. Student, Computer Science Department, Stanford University"
                },
                {
                    "Co_authors_name": "Tie-Yan Liu",
                    "Co_authors_title_and_institution": "Assistant Managing Director, Microsoft Research Asia; IEEE Fellow, ACM Distinguished Member"
                },
                {
                    "Co_authors_name": "Bin Gao",
                    "Co_authors_title_and_institution": "Machine Learning Engineer, Facebook"
                },
                {
                    "Co_authors_name": "Gui-Rong Xue",
                    "Co_authors_title_and_institution": "CEO of TIANRANG"
                },
                {
                    "Co_authors_name": "Alex Smola",
                    "Co_authors_title_and_institution": "Amazon Web Services"
                },
                {
                    "Co_authors_name": "No\u00e9mie Elhadad",
                    "Co_authors_title_and_institution": "Associate Professor of Biomedical Informatics, Columbia University"
                },
                {
                    "Co_authors_name": "Bowei Chen",
                    "Co_authors_title_and_institution": "University of Glasgow"
                },
                {
                    "Co_authors_name": "Jie Yang",
                    "Co_authors_title_and_institution": "Senior Software Engineer, Google Inc."
                },
                {
                    "Co_authors_name": "Qiang Yang (\u6768\u5f3a\uff09",
                    "Co_authors_title_and_institution": "Chief AI Officer@WeBank, Chair Prof.@HKUST, IJCAI President 2017-19, AAAI-21 General Chair"
                },
                {
                    "Co_authors_name": "Katja Hofmann",
                    "Co_authors_title_and_institution": "Microsoft Research"
                }
            ],
            "Cited_graph": [
                "2012",
                "2013",
                "2014",
                "2015",
                "2016",
                "2017",
                "2018",
                "2019",
                "2020",
                "2021",
                "20",
                "30",
                "70",
                "99",
                "208",
                "413",
                "1066",
                "1937",
                "2616",
                "766"
            ]
        },
        {
            "Name": "Yong Yu",
            "Title and University": "Professor, Shanghai Jiao Tong University",
            "Homepage": "http://apex.sjtu.edu.cn/members/yyu",
            "Interests": [
                "WWW",
                "KDD",
                "Semantic Search",
                "Machine Learning",
                "Data Mining"
            ],
            "Papers": [
                {
                    "Paper_name": "Robust recovery of subspace structures by low-rank representation",
                    "Paper_authors": "G Liu, Z Lin, S Yan, J Sun, Y Yu, Y Ma",
                    "Paper_conference_and_year": "IEEE transactions on pattern analysis and machine intelligence 35 (1), 171-184, 2012",
                    "Paper_cited_by": "2360"
                },
                {
                    "Paper_name": "Eigentransfer: a unified framework for transfer learning",
                    "Paper_authors": "W Dai, O Jin, GR Xue, Q Yang, Y Yu",
                    "Paper_conference_and_year": "Proceedings of the 26th Annual International Conference on Machine Learning\u00a0\u2026, 2009",
                    "Paper_cited_by": "1600"
                },
                {
                    "Paper_name": "Robust subspace segmentation by low-rank representation.",
                    "Paper_authors": "G Liu, Z Lin, Y Yu",
                    "Paper_conference_and_year": "Icml 1, 8, 2010",
                    "Paper_cited_by": "1498"
                },
                {
                    "Paper_name": "Seqgan: Sequence generative adversarial nets with policy gradient",
                    "Paper_authors": "L Yu, W Zhang, J Wang, Y Yu",
                    "Paper_conference_and_year": "Proceedings of the AAAI conference on artificial intelligence 31 (1), 2017",
                    "Paper_cited_by": "1386"
                },
                {
                    "Paper_name": "Scalable collaborative filtering using cluster-based smoothing",
                    "Paper_authors": "GR Xue, C Lin, Q Yang, WS Xi, HJ Zeng, Y Yu, Z Chen",
                    "Paper_conference_and_year": "Proceedings of the 28th annual international ACM SIGIR conference on\u00a0\u2026, 2005",
                    "Paper_cited_by": "903"
                },
                {
                    "Paper_name": "Optimizing web search using social annotations",
                    "Paper_authors": "S Bao, G Xue, X Wu, Y Yu, B Fei, Z Su",
                    "Paper_conference_and_year": "Proceedings of the 16th international conference on World Wide Web, 501-510, 2007",
                    "Paper_cited_by": "778"
                },
                {
                    "Paper_name": "Exploring social annotations for the semantic web",
                    "Paper_authors": "X Wu, L Zhang, Y Yu",
                    "Paper_conference_and_year": "Proceedings of the 15th international conference on World Wide Web, 417-426, 2006",
                    "Paper_cited_by": "585"
                },
                {
                    "Paper_name": "Transferring naive bayes classifiers for text classification",
                    "Paper_authors": "W Dai, GR Xue, Q Yang, Y Yu",
                    "Paper_conference_and_year": "AAAI 7, 540-545, 2007",
                    "Paper_cited_by": "419"
                },
                {
                    "Paper_name": "Co-clustering based classification for out-of-domain documents",
                    "Paper_authors": "W Dai, GR Xue, Q Yang, Y Yu",
                    "Paper_conference_and_year": "Proceedings of the 13th ACM SIGKDD international conference on Knowledge\u00a0\u2026, 2007",
                    "Paper_cited_by": "418"
                },
                {
                    "Paper_name": "Exploring folksonomy for personalized search",
                    "Paper_authors": "S Xu, S Bao, B Fei, Z Su, Y Yu",
                    "Paper_conference_and_year": "Proceedings of the 31st annual international ACM SIGIR conference on\u00a0\u2026, 2008",
                    "Paper_cited_by": "395"
                },
                {
                    "Paper_name": "Translated learning: Transfer learning across different feature spaces",
                    "Paper_authors": "W Dai, Y Chen, GR Xue, Q Yang, Y Yu",
                    "Paper_conference_and_year": "Advances in neural information processing systems 21, 353-360, 2008",
                    "Paper_cited_by": "336"
                },
                {
                    "Paper_name": "Conceptual graph matching for semantic search",
                    "Paper_authors": "J Zhong, H Zhu, J Li, Y Yu",
                    "Paper_conference_and_year": "International Conference on Conceptual Structures, 92-106, 2002",
                    "Paper_cited_by": "332"
                },
                {
                    "Paper_name": "Collaborative personalized tweet recommendation",
                    "Paper_authors": "K Chen, T Chen, G Zheng, O Jin, E Yao, Y Yu",
                    "Paper_conference_and_year": "Proceedings of the 35th international ACM SIGIR conference on Research and\u00a0\u2026, 2012",
                    "Paper_cited_by": "325"
                },
                {
                    "Paper_name": "Optimizing web search using web click-through data",
                    "Paper_authors": "GR Xue, HJ Zeng, Z Chen, Y Yu, WY Ma, WS Xi, WG Fan",
                    "Paper_conference_and_year": "Proceedings of the thirteenth ACM international conference on Information\u00a0\u2026, 2004",
                    "Paper_cited_by": "298"
                },
                {
                    "Paper_name": "Efficient architecture search by network transformation",
                    "Paper_authors": "H Cai, T Chen, W Zhang, Y Yu, J Wang",
                    "Paper_conference_and_year": "Proceedings of the AAAI Conference on Artificial Intelligence 32 (1), 2018",
                    "Paper_cited_by": "297"
                },
                {
                    "Paper_name": "Heterogeneous transfer learning for image classification",
                    "Paper_authors": "Y Zhu, Y Chen, Z Lu, S Pan, GR Xue, Y Yu, Q Yang",
                    "Paper_conference_and_year": "Proceedings of the AAAI Conference on Artificial Intelligence 25 (1), 2011",
                    "Paper_cited_by": "296"
                },
                {
                    "Paper_name": "Self-taught clustering",
                    "Paper_authors": "W Dai, Q Yang, GR Xue, Y Yu",
                    "Paper_conference_and_year": "Proceedings of the 25th international conference on Machine learning, 200-207, 2008",
                    "Paper_cited_by": "272"
                },
                {
                    "Paper_name": "Topic-bridged PLSA for cross-domain text classification",
                    "Paper_authors": "GR Xue, W Dai, Q Yang, Y Yu",
                    "Paper_conference_and_year": "Proceedings of the 31st annual international ACM SIGIR conference on\u00a0\u2026, 2008",
                    "Paper_cited_by": "270"
                },
                {
                    "Paper_name": "Panto: A portable natural language interface to ontologies",
                    "Paper_authors": "C Wang, M Xiong, Q Zhou, Y Yu",
                    "Paper_conference_and_year": "European Semantic Web Conference, 473-487, 2007",
                    "Paper_cited_by": "254"
                },
                {
                    "Paper_name": "Spark: Adapting keyword query to semantic search",
                    "Paper_authors": "Q Zhou, C Wang, M Xiong, H Wang, Y Yu",
                    "Paper_conference_and_year": "The semantic web, 694-707, 2007",
                    "Paper_cited_by": "249"
                }
            ],
            "Co_authors": [
                {
                    "Co_authors_name": "Qiang Yang (\u6768\u5f3a\uff09",
                    "Co_authors_title_and_institution": "Chief AI Officer@WeBank, Chair Prof.@HKUST, IJCAI President 2017-19, AAAI-21 General Chair"
                }
            ],
            "Cited_graph": [
                "2005",
                "2006",
                "2007",
                "2008",
                "2009",
                "2010",
                "2011",
                "2012",
                "2013",
                "2014",
                "2015",
                "2016",
                "2017",
                "2018",
                "2019",
                "2020",
                "2021",
                "78",
                "186",
                "303",
                "590",
                "871",
                "1014",
                "1168",
                "1286",
                "1442",
                "1524",
                "1691",
                "1830",
                "1888",
                "2311",
                "2971",
                "3349",
                "647"
            ]
        }
    ]
}