{
    "features": [
        {
            "Name": "Zhen Liu",
            "Title and University": "Shanghai Jiao Tong University",
            "Homepage": "http://www.cs.sjtu.edu.cn/PeopleDetail.aspx?id=364",
            "Interests": [
                "Applied Cryptography",
                "Information Security",
                "Blockchain"
            ],
            "Papers": [
                {
                    "Paper_name": "White-box traceable ciphertext-policy attribute-based encryption supporting any monotone access structures",
                    "Paper_authors": "Z Liu, Z Cao, DS Wong",
                    "Paper_conference_and_year": "Information Forensics and Security, IEEE Transactions on 8 (1), 76-88, 2013",
                    "Paper_cited_by": "165"
                },
                {
                    "Paper_name": "Fully secure multi-authority ciphertext-policy attribute-based encryption without random oracles",
                    "Paper_authors": "Z Liu, Z Cao, Q Huang, DS Wong, TH Yuen",
                    "Paper_conference_and_year": "European Symposium on Research in Computer Security, 278-297, 2011",
                    "Paper_cited_by": "130"
                },
                {
                    "Paper_name": "Blackbox traceable CP-ABE: how to catch people leaking their keys by selling decryption devices on ebay",
                    "Paper_authors": "Z Liu, Z Cao, DS Wong",
                    "Paper_conference_and_year": "Proceedings of the 2013 ACM SIGSAC conference on Computer & communications\u00a0\u2026, 2013",
                    "Paper_cited_by": "105"
                },
                {
                    "Paper_name": "Securely outsourcing exponentiations with single untrusted program for cloud storage",
                    "Paper_authors": "Y Wang, Q Wu, DS Wong, B Qin, SSM Chow, Z Liu, X Tan",
                    "Paper_conference_and_year": "European symposium on research in computer security, 326-343, 2014",
                    "Paper_cited_by": "98"
                },
                {
                    "Paper_name": "Efficient generation of linear secret sharing scheme matrices from threshold access trees",
                    "Paper_authors": "Z Liu, Z Cao, DS Wong",
                    "Paper_conference_and_year": "Cryptology ePrint Archive: Listing, 2010",
                    "Paper_cited_by": "82"
                },
                {
                    "Paper_name": "Time-domain attribute-based access control for cloud-based video content sharing: A cryptographic approach",
                    "Paper_authors": "K Yang, Z Liu, X Jia, XS Shen",
                    "Paper_conference_and_year": "IEEE Transactions on Multimedia 18 (5), 940-950, 2016",
                    "Paper_cited_by": "71"
                },
                {
                    "Paper_name": "Traceable CP-ABE: how to trace decryption devices found in the wild",
                    "Paper_authors": "Z Liu, Z Cao, DS Wong",
                    "Paper_conference_and_year": "IEEE Transactions on Information Forensics and Security 10 (1), 55-68, 2014",
                    "Paper_cited_by": "68"
                },
                {
                    "Paper_name": "A CCA-secure identity-based conditional proxy re-encryption without random oracles",
                    "Paper_authors": "K Liang, Z Liu, X Tan, DS Wong, C Tang",
                    "Paper_conference_and_year": "International Conference on Information Security and Cryptology, 231-246, 2012",
                    "Paper_cited_by": "61"
                },
                {
                    "Paper_name": "Practical attribute-based encryption: traitor tracing, revocation and large universe",
                    "Paper_authors": "Z Liu, DS Wong",
                    "Paper_conference_and_year": "The Computer Journal 59 (7), 983-1004, 2016",
                    "Paper_cited_by": "53"
                },
                {
                    "Paper_name": "Practical ciphertext-policy attribute-based encryption: traitor tracing, revocation, and large universe",
                    "Paper_authors": "Z Liu, DS Wong",
                    "Paper_conference_and_year": "International Conference on Applied Cryptography and Network Security, 127-146, 2015",
                    "Paper_cited_by": "27"
                },
                {
                    "Paper_name": "Taac: Temporal attribute-based access control for multi-authority cloud storage systems",
                    "Paper_authors": "K Yang, Z Liu, Z Cao, X Jia, DS Wong, K Ren",
                    "Paper_conference_and_year": "IACR Cryptology EPrint Archive 2012, 651, 2012",
                    "Paper_cited_by": "19"
                },
                {
                    "Paper_name": "Fork-free hybrid consensus with flexible proof-of-activity",
                    "Paper_authors": "Z Liu, S Tang, SSM Chow, Z Liu, Y Long",
                    "Paper_conference_and_year": "Future Generation Computer Systems 96, 515-524, 2019",
                    "Paper_cited_by": "15"
                },
                {
                    "Paper_name": "Z-channel: Scalable and efficient scheme in zerocash",
                    "Paper_authors": "Y Zhang, Y Long, Z Liu, Z Liu, D Gu",
                    "Paper_conference_and_year": "Computers & Security 86, 112-131, 2019",
                    "Paper_cited_by": "14"
                },
                {
                    "Paper_name": "Assessment of interaction between maternal polycyclic aromatic hydrocarbons exposure and genetic polymorphisms on the risk of congenital heart diseases",
                    "Paper_authors": "N Li, Y Mu, Z Liu, Y Deng, Y Guo, X Zhang, X Li, P Yu, Y Wang, J Zhu",
                    "Paper_conference_and_year": "Scientific reports 8 (1), 1-13, 2018",
                    "Paper_cited_by": "10"
                },
                {
                    "Paper_name": "Goshawk: a novel efficient, robust and flexible blockchain protocol",
                    "Paper_authors": "C Wan, S Tang, Y Zhang, C Pan, Z Liu, Y Long, Z Liu, Y Yu",
                    "Paper_conference_and_year": "International Conference on Information Security and Cryptology, 49-69, 2018",
                    "Paper_cited_by": "9"
                },
                {
                    "Paper_name": "Traceable CP-ABE on prime order groups: Fully secure and fully collusion-resistant blackbox traceable",
                    "Paper_authors": "Z Liu, DS Wong",
                    "Paper_conference_and_year": "International Conference on Information and Communications Security, 109-124, 2015",
                    "Paper_cited_by": "8"
                },
                {
                    "Paper_name": "Fully collusion-resistant traceable key-policy attribute-based encryption with sub-linear size ciphertexts",
                    "Paper_authors": "Z Liu, Z Cao, DS Wong",
                    "Paper_conference_and_year": "International Conference on Information Security and Cryptology, 403-423, 2014",
                    "Paper_cited_by": "8"
                },
                {
                    "Paper_name": "Attribute Based Encryption: Traitor Tracing, Revocation and Fully Security on Prime Order Groups.",
                    "Paper_authors": "X Li, K Liang, Z Liu, DS Wong",
                    "Paper_conference_and_year": "CLOSER 2017, 281-292, 2017",
                    "Paper_cited_by": "7"
                },
                {
                    "Paper_name": "Identity-based aggregate signcryption in the standard model from multilinear maps",
                    "Paper_authors": "H Wang, Z Liu, Z Liu, DS Wong",
                    "Paper_conference_and_year": "Frontiers of Computer Science 10 (4), 741-754, 2016",
                    "Paper_cited_by": "6"
                },
                {
                    "Paper_name": "A lattice-based linkable ring signature supporting stealth addresses",
                    "Paper_authors": "Z Liu, K Nguyen, G Yang, H Wang, DS Wong",
                    "Paper_conference_and_year": "European Symposium on Research in Computer Security, 726-746, 2019",
                    "Paper_cited_by": "5"
                }
            ],
            "Co_authors": [
                {
                    "Co_authors_name": "Duncan S. Wong",
                    "Co_authors_title_and_institution": "Associate Professor of Computer Science, City University of Hong Kong"
                },
                {
                    "Co_authors_name": "Qiong Huang",
                    "Co_authors_title_and_institution": ""
                },
                {
                    "Co_authors_name": "Tsz Hon Yuen",
                    "Co_authors_title_and_institution": "The University of Hong Kong"
                }
            ],
            "Cited_graph": [
                "2012",
                "2013",
                "2014",
                "2015",
                "2016",
                "2017",
                "2018",
                "2019",
                "2020",
                "2021",
                "7",
                "16",
                "60",
                "74",
                "152",
                "118",
                "150",
                "161",
                "190",
                "29"
            ]
        },
        {
            "Name": "Fan Cheng",
            "Title and University": "Shanghai Jiao Tong University",
            "Homepage": "http://www.cs.sjtu.edu.cn/~chengfan/",
            "Interests": [
                "Information Theory"
            ],
            "Papers": [
                {
                    "Paper_name": "Phoenix: Storage using an autonomous mobile infrastructure",
                    "Paper_authors": "RK Panta, R Jana, F Cheng, YFR Chen, VA Vaishampayan",
                    "Paper_conference_and_year": "IEEE Transactions on Parallel and Distributed Systems 24 (9), 1863-1873, 2013",
                    "Paper_cited_by": "39"
                },
                {
                    "Paper_name": "Imperfect secrecy in wiretap channel II",
                    "Paper_authors": "F Cheng, RW Yeung, KW Shum",
                    "Paper_conference_and_year": "IEEE Transactions on Information Theory 61 (1), 628-636, 2014",
                    "Paper_cited_by": "19"
                },
                {
                    "Paper_name": "Performance Bounds on a Wiretap Network with Arbitrary Wiretap Sets",
                    "Paper_authors": "F Cheng, RW Yeung",
                    "Paper_conference_and_year": "IEEE Transactions on Information Theory 60 (6), 3345\u20133358, JUNE 2014, 2014",
                    "Paper_cited_by": "19"
                },
                {
                    "Paper_name": "The structure of zero-divisor semigroups with\u00a0graph\u00a0K  n \u25cbK 2",
                    "Paper_authors": "T Wu, F Cheng",
                    "Paper_conference_and_year": "Semigroup Forum 76 (2), 330-340, 2008",
                    "Paper_cited_by": "17"
                },
                {
                    "Paper_name": "Higher Order Derivatives in Costa's Entropy Power Inequality",
                    "Paper_authors": "F Cheng, Y Geng",
                    "Paper_conference_and_year": "IEEE Transactions on Information theory 61 (11), 5892-5905, 2015",
                    "Paper_cited_by": "16"
                },
                {
                    "Paper_name": "A numerical study on the wiretap network with a simple network topology",
                    "Paper_authors": "F Cheng, VYF Tan",
                    "Paper_conference_and_year": "IEEE Transactions on Information Theory 62 (5), 2481-2492, 2016",
                    "Paper_cited_by": "10"
                },
                {
                    "Paper_name": "A marginal characterization of entropy functions for conditional mutually independent random variables (with application to wyner's common information)",
                    "Paper_authors": "Q Chen, F Cheng, T Liu, RW Yeung",
                    "Paper_conference_and_year": "2015 IEEE International Symposium on Information Theory (ISIT), 974-978, 2015",
                    "Paper_cited_by": "6"
                },
                {
                    "Paper_name": "Performance bounds in secure network coding",
                    "Paper_authors": "F Cheng, RW Yeung",
                    "Paper_conference_and_year": "2011 International Symposium on Networking Coding, 1-6, 2011",
                    "Paper_cited_by": "5"
                },
                {
                    "Paper_name": "Generalization of Mrs. Gerber's Lemma",
                    "Paper_authors": "F Cheng",
                    "Paper_conference_and_year": "Communications in Information and Systems, 2014",
                    "Paper_cited_by": "4"
                },
                {
                    "Paper_name": "Optimality of routing on the wiretap network with simple network topology",
                    "Paper_authors": "F Cheng",
                    "Paper_conference_and_year": "2014 IEEE International Symposium on Information Theory, 786-790, 2014",
                    "Paper_cited_by": "1"
                },
                {
                    "Paper_name": "Convexity of Fisher information with respect to Gaussian perturbation",
                    "Paper_authors": "F Cheng, Y Geng",
                    "Paper_conference_and_year": "2014 Iran Workshop on Communication and Information Theory (IWCIT), 1-5, 2014",
                    "Paper_cited_by": "1"
                },
                {
                    "Paper_name": "Density Sensitive Random Walk for Local Community Detection",
                    "Paper_authors": "Y Yi, L Jin, H Yu, H Luo, F Cheng",
                    "Paper_conference_and_year": "IEEE Access 9, 27773-27782, 2021",
                    "Paper_cited_by": ""
                },
                {
                    "Paper_name": "A2R2: Robust Unsupervised Neural Machine Translation With Adversarial Attack and Regularization on Representations",
                    "Paper_authors": "H Yu, H Luo, Y Yi, F Cheng",
                    "Paper_conference_and_year": "IEEE Access 9, 19990-19998, 2021",
                    "Paper_cited_by": ""
                },
                {
                    "Paper_name": "Duality between finite numbers of discrete multiple access and broadcast channels",
                    "Paper_authors": "Y Geng, F Cheng",
                    "Paper_conference_and_year": "2015 IEEE Information Theory Workshop-Fall (ITW), 163-166, 2015",
                    "Paper_cited_by": ""
                },
                {
                    "Paper_name": "Complete Monotonicity Conjecture of Heat Equation",
                    "Paper_authors": "F Cheng",
                    "Paper_conference_and_year": "",
                    "Paper_cited_by": ""
                },
                {
                    "Paper_name": "How to Solve Gaussian Interference Channel",
                    "Paper_authors": "F Cheng",
                    "Paper_conference_and_year": "",
                    "Paper_cited_by": ""
                }
            ],
            "Co_authors": [],
            "Cited_graph": [
                "2008",
                "2009",
                "2010",
                "2011",
                "2012",
                "2013",
                "2014",
                "2015",
                "2016",
                "2017",
                "2018",
                "2019",
                "2020",
                "2021",
                "1",
                "6",
                "1",
                "3",
                "3",
                "9",
                "18",
                "19",
                "26",
                "14",
                "17",
                "13",
                "4"
            ]
        },
        {
            "Name": "Haojin Zhu",
            "Title and University": "Professor of Computer Science & Engineering Department, Shanghai Jiao Tong University",
            "Homepage": "https://nsec.sjtu.edu.cn/~hjzhu/",
            "Interests": [
                "IoT and Mobile Security",
                "Privacy Enhancing Technology",
                "Social Network Security"
            ],
            "Papers": [
                {
                    "Paper_name": "ECPP: Efficient conditional privacy preservation protocol for secure vehicular communications",
                    "Paper_authors": "R Lu, X Lin, H Zhu, PH Ho, X Shen",
                    "Paper_conference_and_year": "INFOCOM 2008. The 27th Conference on Computer Communications. IEEE, 1229-1237, 2008",
                    "Paper_cited_by": "751"
                },
                {
                    "Paper_name": "Security and privacy for storage and computation in cloud computing",
                    "Paper_authors": "L Wei, H Zhu, Z Cao, X Dong, W Jia, Y Chen, AV Vasilakos",
                    "Paper_conference_and_year": "Information sciences 258, 371-386, 2014",
                    "Paper_cited_by": "594"
                },
                {
                    "Paper_name": "Security in vehicular ad hoc networks",
                    "Paper_authors": "X Lin, R Lu, C Zhang, H Zhu, PH Ho, X Shen",
                    "Paper_conference_and_year": "IEEE communications magazine 46 (4), 88-95, 2008",
                    "Paper_cited_by": "419"
                },
                {
                    "Paper_name": "Securing smart grid: cyber attacks, countermeasures, and challenges",
                    "Paper_authors": "X Li, X Liang, R Lu, X Shen, X Lin, H Zhu",
                    "Paper_conference_and_year": "IEEE Communications Magazine 50 (8), 38-45, 2012",
                    "Paper_cited_by": "352"
                },
                {
                    "Paper_name": "SMART: A secure multilayer credit-based incentive scheme for delay-tolerant networks",
                    "Paper_authors": "H Zhu, X Lin, R Lu, Y Fan, X Shen",
                    "Paper_conference_and_year": "Vehicular Technology, IEEE Transactions on 58 (8), 4628-4639, 2009",
                    "Paper_cited_by": "327"
                },
                {
                    "Paper_name": "Spark: a new vanet-based smart parking scheme for large parking lots",
                    "Paper_authors": "R Lu, X Lin, H Zhu, X Shen",
                    "Paper_conference_and_year": "INFOCOM 2009, IEEE, 1413-1421, 2009",
                    "Paper_cited_by": "327"
                },
                {
                    "Paper_name": "Pi: A practical incentive protocol for delay tolerant networks",
                    "Paper_authors": "R Lu, X Lin, H Zhu, X Shen, B Preiss",
                    "Paper_conference_and_year": "IEEE transactions on wireless communications 9 (4), 1483-1493, 2010",
                    "Paper_cited_by": "256"
                },
                {
                    "Paper_name": "BECAN: A Bandwidth-Efficient Cooperative Authentication Scheme for Filtering Injected False Data in Wireless Sensor Networks",
                    "Paper_authors": "R Lu, X Lin, H Zhu, X Liang, XS Shen",
                    "Paper_conference_and_year": "Parallel and Distributed Systems, IEEE Transactions on, 1-1, 2010",
                    "Paper_cited_by": "181"
                },
                {
                    "Paper_name": "A probabilistic misbehavior detection scheme toward efficient trust establishment in delay-tolerant networks",
                    "Paper_authors": "H Zhu, S Du, Z Gao, M Dong, Z Cao",
                    "Paper_conference_and_year": "IEEE Transactions on Parallel and Distributed Systems 25 (1), 22-32, 2013",
                    "Paper_cited_by": "177"
                },
                {
                    "Paper_name": "All your location are belong to us: Breaking mobile social networks for automated user location tracking",
                    "Paper_authors": "M Li, H Zhu, Z Gao, S Chen, L Yu, S Hu, K Ren",
                    "Paper_conference_and_year": "Proceedings of the 15th ACM international symposium on Mobile ad hoc\u00a0\u2026, 2014",
                    "Paper_cited_by": "141"
                },
                {
                    "Paper_name": "Privacy leakage of location sharing in mobile social networks: Attacks and defense",
                    "Paper_authors": "H Li, H Zhu, S Du, X Liang, X Shen",
                    "Paper_conference_and_year": "IEEE Transactions on Dependable and Secure Computing 15 (4), 646-660, 2016",
                    "Paper_cited_by": "134"
                },
                {
                    "Paper_name": "UAV-assisted data gathering in wireless sensor networks",
                    "Paper_authors": "M Dong, K Ota, M Lin, Z Tang, S Du, H Zhu",
                    "Paper_conference_and_year": "The Journal of Supercomputing 70 (3), 1142-1155, 2014",
                    "Paper_cited_by": "130"
                },
                {
                    "Paper_name": "When CSI meets public WiFi: inferring your mobile phone password via WiFi signals",
                    "Paper_authors": "M Li, Y Meng, J Liu, H Zhu, X Liang, Y Liu, N Ruan",
                    "Paper_conference_and_year": "Proceedings of the 2016 ACM SIGSAC conference on computer and communications\u00a0\u2026, 2016",
                    "Paper_cited_by": "122"
                },
                {
                    "Paper_name": "Location privacy in database-driven cognitive radio networks: Attacks and countermeasures",
                    "Paper_authors": "Z Gao, H Zhu, Y Liu, M Li, Z Cao",
                    "Paper_conference_and_year": "2013 Proceedings IEEE INFOCOM, 2751-2759, 2013",
                    "Paper_cited_by": "120"
                },
                {
                    "Paper_name": "Seccloud: Bridging secure storage and computation in cloud",
                    "Paper_authors": "L Wei, H Zhu, Z Cao, W Jia, AV Vasilakos",
                    "Paper_conference_and_year": "Distributed Computing Systems Workshops (ICDCSW), 2010 IEEE 30th\u00a0\u2026, 2010",
                    "Paper_cited_by": "118"
                },
                {
                    "Paper_name": "SDSM: a secure data service mechanism in mobile cloud computing",
                    "Paper_authors": "W Jia, H Zhu, Z Cao, L Wei, X Lin",
                    "Paper_conference_and_year": "2011 IEEE conference on computer communications workshops (INFOCOM WKSHPS\u00a0\u2026, 2011",
                    "Paper_cited_by": "117"
                },
                {
                    "Paper_name": "An efficient privacy-preserving scheme against traffic analysis attacks in network coding",
                    "Paper_authors": "Y Fan, Y Jiang, H Zhu, X Shen",
                    "Paper_conference_and_year": "INFOCOM 2009, IEEE, 2213-2221, 2009",
                    "Paper_cited_by": "117"
                },
                {
                    "Paper_name": "Security in service-oriented vehicular networks",
                    "Paper_authors": "HJ Zhu, R Lu, X Shen, X Lin",
                    "Paper_conference_and_year": "Wireless Communications, IEEE 16 (4), 16-22, 2009",
                    "Paper_cited_by": "114"
                },
                {
                    "Paper_name": "Stormdroid: A streaminglized machine learning-based system for detecting android malware",
                    "Paper_authors": "S Chen, M Xue, Z Tang, L Xu, H Zhu",
                    "Paper_conference_and_year": "Proceedings of the 11th ACM on Asia Conference on Computer and\u00a0\u2026, 2016",
                    "Paper_cited_by": "111"
                },
                {
                    "Paper_name": "A novel design for content delivery over software defined mobile social networks",
                    "Paper_authors": "Z Su, Q Xu, H Zhu, Y Wang",
                    "Paper_conference_and_year": "IEEE Network 29 (4), 62-67, 2015",
                    "Paper_cited_by": "110"
                }
            ],
            "Co_authors": [
                {
                    "Co_authors_name": "Xuemin (Sherman) Shen",
                    "Co_authors_title_and_institution": "University Professor, University of Waterloo"
                },
                {
                    "Co_authors_name": "Xiaodong Lin",
                    "Co_authors_title_and_institution": "Associate Professor, IEEE Fellow, University of Guelph, Canada"
                },
                {
                    "Co_authors_name": "Rongxing Lu",
                    "Co_authors_title_and_institution": "IEEE Fellow, University Research Scholar, Assoc. Prof. of CS, University of New Brunswick"
                },
                {
                    "Co_authors_name": "Zhenfu Cao",
                    "Co_authors_title_and_institution": "Professor of School of Computer Science and Software Engineering, East China Normal University"
                },
                {
                    "Co_authors_name": "Zhaoyu Gao",
                    "Co_authors_title_and_institution": "Computer Science, UMass Amherst"
                },
                {
                    "Co_authors_name": "Xiaohui Liang",
                    "Co_authors_title_and_institution": "University of Massachusetts Boston"
                },
                {
                    "Co_authors_name": "Minhui Xue (Jason Xue)",
                    "Co_authors_title_and_institution": "Lecturer (a.k.a. Assistant Professor), The University of Adelaide"
                },
                {
                    "Co_authors_name": "Yao Liu",
                    "Co_authors_title_and_institution": "Associate Professor of Computer Science, University of South Florida"
                },
                {
                    "Co_authors_name": "Huaxin Li",
                    "Co_authors_title_and_institution": "Shanghai Jiao Tong University; University of Michigan"
                },
                {
                    "Co_authors_name": "Yan Meng",
                    "Co_authors_title_and_institution": "Phd Candidate of Computer Science & Engineering Department, Shanghai Jiao Tong University"
                },
                {
                    "Co_authors_name": "Lu Zhou",
                    "Co_authors_title_and_institution": "Department of Computer Science and Engineering, Shanghai Jiao Tong University"
                },
                {
                    "Co_authors_name": "Kai Xing",
                    "Co_authors_title_and_institution": "University of Science and Technology of China"
                },
                {
                    "Co_authors_name": "Xinping Guan",
                    "Co_authors_title_and_institution": "Shanghai Jiao Tong University"
                },
                {
                    "Co_authors_name": "Xu Li",
                    "Co_authors_title_and_institution": "Huawei Technologies"
                },
                {
                    "Co_authors_name": "Di Ma",
                    "Co_authors_title_and_institution": "University of Michigan"
                },
                {
                    "Co_authors_name": "Xiuzhen Cheng",
                    "Co_authors_title_and_institution": "Professor of Computer Science, The George Washington University"
                },
                {
                    "Co_authors_name": "Xiang Lu",
                    "Co_authors_title_and_institution": "Associate Professor, Institute of Information Engineering, Chinese Academy of Sciences"
                },
                {
                    "Co_authors_name": "JIMING CHEN",
                    "Co_authors_title_and_institution": "Professor at Zhejiang University"
                },
                {
                    "Co_authors_name": "Kenny Q. Zhu (\u6731\u5176\u7acb)",
                    "Co_authors_title_and_institution": "Department of Computer Science & Engineering, Shanghai Jiao Tong University"
                },
                {
                    "Co_authors_name": "Yuguang Fang",
                    "Co_authors_title_and_institution": "Distinguished Professor, Department of Electrical and Computer Engineering, University of Florida"
                }
            ],
            "Cited_graph": [
                "2008",
                "2009",
                "2010",
                "2011",
                "2012",
                "2013",
                "2014",
                "2015",
                "2016",
                "2017",
                "2018",
                "2019",
                "2020",
                "2021",
                "50",
                "100",
                "210",
                "271",
                "357",
                "514",
                "595",
                "853",
                "950",
                "893",
                "995",
                "930",
                "953",
                "155"
            ]
        },
        {
            "Name": "Lei Wang",
            "Title and University": "Shanghai Jiao Tong University",
            "Homepage": "",
            "Interests": [
                "Cryptology"
            ],
            "Papers": [
                {
                    "Paper_name": "Preimages for step-reduced SHA-2",
                    "Paper_authors": "K Aoki, J Guo, K Matusiewicz, Y Sasaki, L Wang",
                    "Paper_conference_and_year": "Advances in Cryptology\u2013ASIACRYPT 2009, 578-597, 2009",
                    "Paper_cited_by": "128"
                },
                {
                    "Paper_name": "Meet-in-the-Middle Technique for Integral Attacks against Feistel Ciphers",
                    "Paper_authors": "Y Sasaki, L Wang",
                    "Paper_conference_and_year": "Selected Areas in Cryptography, 234-251, 2013",
                    "Paper_cited_by": "67"
                },
                {
                    "Paper_name": "Security analysis of prince",
                    "Paper_authors": "J Jean, I Nikolic, T Peyrin, L Wang, S Wu",
                    "Paper_conference_and_year": "",
                    "Paper_cited_by": "58"
                },
                {
                    "Paper_name": "Cryptanalysis of Round-Reduced\\ mathtt {LED}",
                    "Paper_authors": "I Nikoli\u0107, L Wang, S Wu",
                    "Paper_conference_and_year": "Fast Software Encryption, 112-129, 2014",
                    "Paper_cited_by": "56"
                },
                {
                    "Paper_name": "Cryptanalysis of round-reduced LED",
                    "Paper_authors": "I Nikoli\u0107, L Wang, S Wu",
                    "Paper_conference_and_year": "FSE. To appear in Lecture Notes in Computer Science, 2013",
                    "Paper_cited_by": "56"
                },
                {
                    "Paper_name": "New key-recovery attacks on HMAC/NMAC-MD4 and NMAC-MD5",
                    "Paper_authors": "L Wang, K Ohta, N Kunihiro",
                    "Paper_conference_and_year": "Advances in Cryptology\u2013EUROCRYPT 2008, 237-253, 2008",
                    "Paper_cited_by": "43"
                },
                {
                    "Paper_name": "Comprehensive study of integral analysis on 22-round LBlock",
                    "Paper_authors": "Y Sasaki, L Wang",
                    "Paper_conference_and_year": "Information Security and Cryptology\u2013ICISC 2012, 156-169, 2013",
                    "Paper_cited_by": "41"
                },
                {
                    "Paper_name": "Generic related-key attacks for HMAC",
                    "Paper_authors": "T Peyrin, Y Sasaki, L Wang",
                    "Paper_conference_and_year": "Advances in Cryptology\u2013ASIACRYPT 2012, 580-597, 2012",
                    "Paper_cited_by": "40"
                },
                {
                    "Paper_name": "New Generic Attacks Against Hash-based MACs",
                    "Paper_authors": "G Leurent, T Peyrin, L Wang",
                    "Paper_conference_and_year": "Advances in Cryptology-ASIACRYPT 2013, 1-20, 2013",
                    "Paper_cited_by": "39"
                },
                {
                    "Paper_name": "New message difference for MD4",
                    "Paper_authors": "Y Sasaki, L Wang, K Ohta, N Kunihiro",
                    "Paper_conference_and_year": "Fast Software Encryption, 329-348, 2007",
                    "Paper_cited_by": "39"
                },
                {
                    "Paper_name": "Non-full-active Super-sbox Analysis: Applications to ECHO and Gr\u00f8stl",
                    "Paper_authors": "Y Sasaki, Y Li, L Wang, K Sakiyama, K Ohta",
                    "Paper_conference_and_year": "Advances in Cryptology-ASIACRYPT 2010, 38-55, 2010",
                    "Paper_cited_by": "37"
                },
                {
                    "Paper_name": "Security of MD5 challenge and response: Extension of APOP password recovery attack",
                    "Paper_authors": "Y Sasaki, L Wang, K Ohta, N Kunihiro",
                    "Paper_conference_and_year": "Topics in Cryptology\u2013CT-RSA 2008, 1-18, 2008",
                    "Paper_cited_by": "36"
                },
                {
                    "Paper_name": "Cryptanalysis of Zorro.",
                    "Paper_authors": "J Guo, I Nikolic, T Peyrin, L Wang",
                    "Paper_conference_and_year": "IACR Cryptology ePrint Archive 2013, 713, 2013",
                    "Paper_cited_by": "33"
                },
                {
                    "Paper_name": "Investigating fundamental security requirements on whirlpool: improved preimage and collision attacks",
                    "Paper_authors": "Y Sasaki, L Wang, S Wu, W Wu",
                    "Paper_conference_and_year": "Advances in Cryptology\u2013ASIACRYPT 2012, 562-579, 2012",
                    "Paper_cited_by": "32"
                },
                {
                    "Paper_name": "Analysis of BLAKE2",
                    "Paper_authors": "J Guo, P Karpman, I Nikoli\u0107, L Wang, S Wu",
                    "Paper_conference_and_year": "Topics in Cryptology\u2013CT-RSA 2014, 402-423, 2014",
                    "Paper_cited_by": "29"
                },
                {
                    "Paper_name": "Preimage Attacks on 41-Step SHA-256 and 46-Step SHA-512.",
                    "Paper_authors": "Y Sasaki, L Wang, K Aoki",
                    "Paper_conference_and_year": "IACR Cryptology ePrint Archive 2009, 479, 2009",
                    "Paper_cited_by": "29"
                },
                {
                    "Paper_name": "Generic Universal Forgery Attack on Iterative Hash-Based MACs",
                    "Paper_authors": "T Peyrin, L Wang",
                    "Paper_conference_and_year": "Advances in Cryptology\u2013EUROCRYPT 2014, 147-164, 2014",
                    "Paper_cited_by": "25"
                },
                {
                    "Paper_name": "Distinguishers beyond three rounds of the RIPEMD-128/-160 compression functions",
                    "Paper_authors": "Y Sasaki, L Wang",
                    "Paper_conference_and_year": "Applied Cryptography and Network Security, 275-292, 2012",
                    "Paper_cited_by": "25"
                },
                {
                    "Paper_name": "How to Build Fully Secure Tweakable Blockciphers from Classical Blockciphers",
                    "Paper_authors": "L Wang, J Guo, G Zhang, J Zhao, D Gu",
                    "Paper_conference_and_year": "Cryptology ePrint Archive, 0",
                    "Paper_cited_by": "24"
                },
                {
                    "Paper_name": "Updates on Generic Attacks against HMAC and NMAC",
                    "Paper_authors": "J Guo, T Peyrin, Y Sasaki, L Wang",
                    "Paper_conference_and_year": "Advances in Cryptology\u2013CRYPTO 2014, 131-148, 2014",
                    "Paper_cited_by": "23"
                }
            ],
            "Co_authors": [],
            "Cited_graph": [
                "2007",
                "2008",
                "2009",
                "2010",
                "2011",
                "2012",
                "2013",
                "2014",
                "2015",
                "2016",
                "2017",
                "2018",
                "2019",
                "2020",
                "2021",
                "4",
                "21",
                "23",
                "36",
                "56",
                "69",
                "91",
                "174",
                "173",
                "151",
                "80",
                "84",
                "65",
                "72",
                "16"
            ]
        },
        {
            "Name": "shengli liu",
            "Title and University": "Professor of Computer Science, Shanghai Jiao Tong University",
            "Homepage": "",
            "Interests": [
                "Cryptography"
            ],
            "Papers": [
                {
                    "Paper_name": "Chosen-ciphertext secure proxy re-encryption without pairings",
                    "Paper_authors": "RH Deng, J Weng, S Liu, K Chen",
                    "Paper_conference_and_year": "International Conference on Cryptology and Network Security, 1-17, 2008",
                    "Paper_cited_by": "329"
                },
                {
                    "Paper_name": "Attribute-based encryption with efficient verifiable outsourced decryption",
                    "Paper_authors": "B Qin, RH Deng, S Liu, S Ma",
                    "Paper_conference_and_year": "IEEE Transactions on Information Forensics and Security 10 (7), 1384-1393, 2015",
                    "Paper_cited_by": "144"
                },
                {
                    "Paper_name": "Insight of the protection for data security under selective opening attacks",
                    "Paper_authors": "Z Huang, S Liu, X Mao, K Chen, J Li",
                    "Paper_conference_and_year": "Information Sciences 412, 223-241, 2017",
                    "Paper_cited_by": "142"
                },
                {
                    "Paper_name": "ID-based one round authenticated tripartite key agreement protocol with pairings",
                    "Paper_authors": "F Zhang, S Liu, K Kim",
                    "Paper_conference_and_year": "Cryptology ePrint archive, report 2002/122, 2002",
                    "Paper_cited_by": "124"
                },
                {
                    "Paper_name": "ID-based restrictive partially blind signatures and applications",
                    "Paper_authors": "X Chen, F Zhang, S Liu",
                    "Paper_conference_and_year": "Journal of Systems and Software 80 (2), 164-171, 2007",
                    "Paper_cited_by": "87"
                },
                {
                    "Paper_name": "Leakage-resilient chosen-ciphertext secure public-key encryption from hash proof system and one-time lossy filter",
                    "Paper_authors": "B Qin, S Liu",
                    "Paper_conference_and_year": "International Conference on the Theory and Application of Cryptology and\u00a0\u2026, 2013",
                    "Paper_cited_by": "56"
                },
                {
                    "Paper_name": "Efficient CCA-secure PKE from identity-based techniques",
                    "Paper_authors": "J Lai, RH Deng, S Liu, W Kou",
                    "Paper_conference_and_year": "Cryptographers\u2019 Track at the RSA Conference, 132-147, 2010",
                    "Paper_cited_by": "56"
                },
                {
                    "Paper_name": "Efficient public key cryptosystem resilient to key leakage chosen ciphertext attacks",
                    "Paper_authors": "S Liu, J Weng, Y Zhao",
                    "Paper_conference_and_year": "Cryptographers\u2019 Track at the RSA Conference, 84-100, 2013",
                    "Paper_cited_by": "53"
                },
                {
                    "Paper_name": "A practical protocol for advantage distillation and information reconciliation",
                    "Paper_authors": "S Liu, HCA Van Tilborg, M Van Dijk",
                    "Paper_conference_and_year": "Designs, Codes and Cryptography 30 (1), 39-62, 2003",
                    "Paper_cited_by": "50"
                },
                {
                    "Paper_name": "Identity-based threshold key-insulated encryption without random oracles",
                    "Paper_authors": "J Weng, S Liu, K Chen, D Zheng, W Qiu",
                    "Paper_conference_and_year": "Cryptographers\u2019 Track at the RSA Conference, 203-220, 2008",
                    "Paper_cited_by": "47"
                },
                {
                    "Paper_name": "Identity-based key-insulated signature with secure key-updates",
                    "Paper_authors": "J Weng, S Liu, K Chen, X Li",
                    "Paper_conference_and_year": "International Conference on Information Security and Cryptology, 13-26, 2006",
                    "Paper_cited_by": "47"
                },
                {
                    "Paper_name": "Chosen-ciphertext secure bidirectional proxy re-encryption schemes without pairings",
                    "Paper_authors": "J Weng, RH Deng, S Liu, K Chen",
                    "Paper_conference_and_year": "Information Sciences 180 (24), 5077-5089, 2010",
                    "Paper_cited_by": "40"
                },
                {
                    "Paper_name": "Single hop detection of node clone attacks in mobile wireless sensor networks",
                    "Paper_authors": "Y Lou, Y Zhang, S Liu",
                    "Paper_conference_and_year": "Procedia Engineering 29, 2798-2803, 2012",
                    "Paper_cited_by": "37"
                },
                {
                    "Paper_name": "Server-aided revocable identity-based encryption",
                    "Paper_authors": "B Qin, RH Deng, Y Li, S Liu",
                    "Paper_conference_and_year": "European Symposium on Research in Computer Security, 286-304, 2015",
                    "Paper_cited_by": "35"
                },
                {
                    "Paper_name": "Identity-based parallel key-insulated encryption without random oracles: security notions and construction",
                    "Paper_authors": "J Weng, S Liu, K Chen, C Ma",
                    "Paper_conference_and_year": "International Conference on Cryptology in India, 409-423, 2006",
                    "Paper_cited_by": "34"
                },
                {
                    "Paper_name": "Leakage-flexible CCA-secure public-key encryption: simple construction and free of pairing",
                    "Paper_authors": "B Qin, S Liu",
                    "Paper_conference_and_year": "International Workshop on Public Key Cryptography, 19-36, 2014",
                    "Paper_cited_by": "33"
                },
                {
                    "Paper_name": "Identity-based encryption secure against selective opening chosen-ciphertext attack",
                    "Paper_authors": "J Lai, RH Deng, S Liu, J Weng, Y Zhao",
                    "Paper_conference_and_year": "Annual International Conference on the Theory and Applications of\u00a0\u2026, 2014",
                    "Paper_cited_by": "32"
                },
                {
                    "Paper_name": "Sender-equivocable encryption schemes secure against chosen-ciphertext attacks revisited",
                    "Paper_authors": "Z Huang, S Liu, B Qin",
                    "Paper_conference_and_year": "International Workshop on Public Key Cryptography, 369-385, 2013",
                    "Paper_cited_by": "29"
                },
                {
                    "Paper_name": "Identity-Based Parallel Key-Insulated Signature Without Random Oracles.",
                    "Paper_authors": "J Weng, X Li, K Chen, S Liu",
                    "Paper_conference_and_year": "J. Inf. Sci. Eng. 24 (4), 1143-1157, 2008",
                    "Paper_cited_by": "26"
                },
                {
                    "Paper_name": "Continuous non-malleable key derivation and its application to related-key security",
                    "Paper_authors": "B Qin, S Liu, TH Yuen, RH Deng, K Chen",
                    "Paper_conference_and_year": "IACR International Workshop on Public Key Cryptography, 557-578, 2015",
                    "Paper_cited_by": "25"
                }
            ],
            "Co_authors": [],
            "Cited_graph": [
                "2003",
                "2004",
                "2005",
                "2006",
                "2007",
                "2008",
                "2009",
                "2010",
                "2011",
                "2012",
                "2013",
                "2014",
                "2015",
                "2016",
                "2017",
                "2018",
                "2019",
                "2020",
                "2021",
                "12",
                "14",
                "31",
                "12",
                "30",
                "45",
                "46",
                "77",
                "99",
                "87",
                "97",
                "134",
                "134",
                "196",
                "162",
                "307",
                "272",
                "180",
                "40"
            ]
        },
        {
            "Name": "Xuejia Lai",
            "Title and University": "Professor, Shanghai Jiao Tong University",
            "Homepage": "",
            "Interests": [
                "Cryptography",
                "Information Security"
            ],
            "Papers": [
                {
                    "Paper_name": "A proposal for a new block encryption standard",
                    "Paper_authors": "X Lai, JL Massey",
                    "Paper_conference_and_year": "Workshop on the Theory and Application of of Cryptographic Techniques, 389-404, 1990",
                    "Paper_cited_by": "1036"
                },
                {
                    "Paper_name": "Markov ciphers and differential cryptanalysis",
                    "Paper_authors": "X Lai, JL Massey, S Murphy",
                    "Paper_conference_and_year": "Workshop on the Theory and Application of of Cryptographic Techniques, 17-38, 1991",
                    "Paper_cited_by": "900"
                },
                {
                    "Paper_name": "Collisions for Hash Functions MD4, MD5, HAVAL-128 and RIPEMD.",
                    "Paper_authors": "X Wang, D Feng, X Lai, H Yu",
                    "Paper_conference_and_year": "IACR Cryptol. ePrint Arch. 2004, 199, 2004",
                    "Paper_cited_by": "664"
                },
                {
                    "Paper_name": "Cryptanalysis of the Hash Functions MD4 and RIPEMD",
                    "Paper_authors": "X Wang, X Lai, D Feng, H Chen, X Yu",
                    "Paper_conference_and_year": "Annual international conference on the theory and applications of\u00a0\u2026, 2005",
                    "Paper_cited_by": "601"
                },
                {
                    "Paper_name": "On the design and security of block ciphers",
                    "Paper_authors": "X Lai",
                    "Paper_conference_and_year": "ETH Zurich, 1992",
                    "Paper_cited_by": "576"
                },
                {
                    "Paper_name": "Higher order derivatives and differential cryptanalysis",
                    "Paper_authors": "X Lai",
                    "Paper_conference_and_year": "Communications and cryptography, 227-233, 1994",
                    "Paper_cited_by": "470"
                },
                {
                    "Paper_name": "Hash functions based on block ciphers",
                    "Paper_authors": "X Lai, JL Massey",
                    "Paper_conference_and_year": "Workshop on the Theory and Application of of Cryptographic Techniques, 55-70, 1992",
                    "Paper_cited_by": "303"
                },
                {
                    "Paper_name": "New field of cryptography: DNA cryptography",
                    "Paper_authors": "G Xiao, M Lu, L Qin, X Lai",
                    "Paper_conference_and_year": "Chinese Science Bulletin 51 (12), 1413-1420, 2006",
                    "Paper_cited_by": "185"
                },
                {
                    "Paper_name": "A secure implementation of white-box AES",
                    "Paper_authors": "Y Xiao, X Lai",
                    "Paper_conference_and_year": "2009 2nd International Conference on Computer Science and its Applications, 1-6, 2009",
                    "Paper_cited_by": "116"
                },
                {
                    "Paper_name": "Device for the Conversion of a Digital Block and Use of Same",
                    "Paper_authors": "JL Massey, X Lai",
                    "Paper_conference_and_year": "US Patent 5,214,703, 1993",
                    "Paper_cited_by": "112"
                },
                {
                    "Paper_name": "Improved collision attack on hash function MD5",
                    "Paper_authors": "J Liang, XJ Lai",
                    "Paper_conference_and_year": "Journal of Computer Science and Technology 22 (1), 79-87, 2007",
                    "Paper_cited_by": "107"
                },
                {
                    "Paper_name": "Survey on cyberspace security",
                    "Paper_authors": "HG Zhang, WB Han, X Lai, D Lin, JF Ma, JH Li",
                    "Paper_conference_and_year": "Science China Information Sciences 58 (11), 1-43, 2015",
                    "Paper_cited_by": "95"
                },
                {
                    "Paper_name": "Attacks on fast double block length hash functions",
                    "Paper_authors": "LR Knudsen, X Lai, B Preneel",
                    "Paper_conference_and_year": "Journal of Cryptology 11 (1), 59-72, 1998",
                    "Paper_cited_by": "90"
                },
                {
                    "Paper_name": "Symmetric-key cryptosystem with DNA technology",
                    "Paper_authors": "MX Lu, XJ Lai, GZ Xiao, L Qin",
                    "Paper_conference_and_year": "Science in China Series F: Information Sciences 50 (3), 324-333, 2007",
                    "Paper_cited_by": "79"
                },
                {
                    "Paper_name": "Asymmetric encryption and signature method with DNA technology",
                    "Paper_authors": "XJ Lai, MX Lu, L Qin, JS Han, XW Fang",
                    "Paper_conference_and_year": "Science China Information Sciences 53 (3), 506-514, 2010",
                    "Paper_cited_by": "74"
                },
                {
                    "Paper_name": "Security of iterated hash functions based on block ciphers",
                    "Paper_authors": "W Hohl, X Lai, T Meier, C Waldvogel",
                    "Paper_conference_and_year": "Annual International Cryptology Conference, 379-390, 1993",
                    "Paper_cited_by": "74"
                },
                {
                    "Paper_name": "A lightweight stream cipher WG-7 for RFID encryption and authentication",
                    "Paper_authors": "Y Luo, Q Chai, G Gong, X Lai",
                    "Paper_conference_and_year": "2010 IEEE Global Telecommunications Conference GLOBECOM 2010, 1-6, 2010",
                    "Paper_cited_by": "72"
                },
                {
                    "Paper_name": "A unified method for finding impossible differentials of block cipher structures",
                    "Paper_authors": "Y Luo, X Lai, Z Wu, G Gong",
                    "Paper_conference_and_year": "Information Sciences 263, 211-220, 2014",
                    "Paper_cited_by": "65"
                },
                {
                    "Paper_name": "Improved zero-sum distinguisher for full round Keccak-f permutation",
                    "Paper_authors": "M Duan, XJ Lai",
                    "Paper_conference_and_year": "Chinese Science Bulletin 57 (6), 694-697, 2012",
                    "Paper_cited_by": "61"
                },
                {
                    "Paper_name": "Additive and linear structures of cryptographic functions",
                    "Paper_authors": "X Lai",
                    "Paper_conference_and_year": "International Workshop on Fast Software Encryption, 75-85, 1994",
                    "Paper_cited_by": "59"
                }
            ],
            "Co_authors": [],
            "Cited_graph": [
                "1992",
                "1993",
                "1994",
                "1995",
                "1996",
                "1997",
                "1998",
                "1999",
                "2000",
                "2001",
                "2002",
                "2003",
                "2004",
                "2005",
                "2006",
                "2007",
                "2008",
                "2009",
                "2010",
                "2011",
                "2012",
                "2013",
                "2014",
                "2015",
                "2016",
                "2017",
                "2018",
                "2019",
                "2020",
                "2021",
                "17",
                "71",
                "60",
                "68",
                "86",
                "102",
                "155",
                "130",
                "115",
                "117",
                "112",
                "137",
                "152",
                "267",
                "296",
                "274",
                "266",
                "309",
                "304",
                "292",
                "361",
                "324",
                "328",
                "392",
                "361",
                "302",
                "311",
                "323",
                "253",
                "64"
            ]
        },
        {
            "Name": "Yu Long",
            "Title and University": "Research\u3000Assistant of Computer Science, Shanghai Jiao Tong University",
            "Homepage": "",
            "Interests": [
                "Cryptography"
            ],
            "Papers": [
                {
                    "Paper_name": "Two certificateless aggregate signatures from bilinear maps",
                    "Paper_authors": "Z Gong, Y Long, X Hong, K Chen",
                    "Paper_conference_and_year": "Eighth ACIS International Conference on Software Engineering, Artificial\u00a0\u2026, 2007",
                    "Paper_cited_by": "155"
                },
                {
                    "Paper_name": "Certificateless threshold cryptosystem secure against chosen-ciphertext attack",
                    "Paper_authors": "Y Long, K Chen",
                    "Paper_conference_and_year": "Information Sciences 177 (24), 5620-5637, 2007",
                    "Paper_cited_by": "29"
                },
                {
                    "Paper_name": "Accountable authority key policy attribute-based encryption",
                    "Paper_authors": "YT Wang, KF Chen, Y Long, ZH Liu",
                    "Paper_conference_and_year": "Science China Information Sciences 55 (7), 1631-1638, 2012",
                    "Paper_cited_by": "26"
                },
                {
                    "Paper_name": "Key updating technique in identity-based encryption",
                    "Paper_authors": "S Liu, Y Long, K Chen",
                    "Paper_conference_and_year": "Information Sciences 181 (11), 2436-2440, 2011",
                    "Paper_cited_by": "19"
                },
                {
                    "Paper_name": "Certificateless key-insulated signature without random oracles",
                    "Paper_authors": "Z Wan, X Lai, J Weng, S Liu, Y Long, X Hong",
                    "Paper_conference_and_year": "Journal of Zhejiang University-SCIENCE A 10 (12), 1790-1800, 2009",
                    "Paper_cited_by": "19"
                },
                {
                    "Paper_name": "Practical Certificateless Aggregate Signatures from Bilinear Maps.",
                    "Paper_authors": "Z Gong, Y Long, X Hong, K Chen",
                    "Paper_conference_and_year": "J. Inf. Sci. Eng. 26 (6), 2093-2106, 2010",
                    "Paper_cited_by": "18"
                },
                {
                    "Paper_name": "An efficient pairing-free certificateless signature scheme for resource-limited systems",
                    "Paper_authors": "L Wang, K Chen, Y Long, H Wang",
                    "Paper_conference_and_year": "Science China Information Sciences 60 (11), 1-3, 2017",
                    "Paper_cited_by": "16"
                },
                {
                    "Paper_name": "Fork-free hybrid consensus with flexible proof-of-activity",
                    "Paper_authors": "Z Liu, S Tang, SSM Chow, Z Liu, Y Long",
                    "Paper_conference_and_year": "Future Generation Computer Systems 96, 515-524, 2019",
                    "Paper_cited_by": "15"
                },
                {
                    "Paper_name": "Z-channel: Scalable and efficient scheme in zerocash",
                    "Paper_authors": "Y Zhang, Y Long, Z Liu, Z Liu, D Gu",
                    "Paper_conference_and_year": "Computers & Security 86, 112-131, 2019",
                    "Paper_cited_by": "14"
                },
                {
                    "Paper_name": "A modified efficient certificateless signature scheme without bilinear pairings",
                    "Paper_authors": "L Wang, K Chen, Y Long, X Mao, H Wang",
                    "Paper_conference_and_year": "2015 International Conference on Intelligent Networking and Collaborative\u00a0\u2026, 2015",
                    "Paper_cited_by": "13"
                },
                {
                    "Paper_name": "Identity-based key-insulated signcryption",
                    "Paper_authors": "J Chen, K Chen, Y Wang, X Li, Y Long, Z Wan",
                    "Paper_conference_and_year": "Informatica 23 (1), 27-45, 2012",
                    "Paper_cited_by": "13"
                },
                {
                    "Paper_name": "Efficient chosen-ciphertext secure certificateless threshold key encapsulation mechanism",
                    "Paper_authors": "Y Long, K Chen",
                    "Paper_conference_and_year": "Information Sciences 180 (7), 1167-1181, 2010",
                    "Paper_cited_by": "13"
                },
                {
                    "Paper_name": "Attribute-based key-insulated signature and its applications",
                    "Paper_authors": "J Chen, Y Long, K Chen, J Guo",
                    "Paper_conference_and_year": "Information Sciences 275, 57-67, 2014",
                    "Paper_cited_by": "10"
                },
                {
                    "Paper_name": "Goshawk: a novel efficient, robust and flexible blockchain protocol",
                    "Paper_authors": "C Wan, S Tang, Y Zhang, C Pan, Z Liu, Y Long, Z Liu, Y Yu",
                    "Paper_conference_and_year": "International Conference on Information Security and Cryptology, 49-69, 2018",
                    "Paper_cited_by": "9"
                },
                {
                    "Paper_name": "New constructions of dynamic threshold cryptosystem",
                    "Paper_authors": "Y Long, K Chen, X Mao",
                    "Paper_conference_and_year": "Journal of Shanghai Jiaotong University (Science) 19 (4), 431-435, 2014",
                    "Paper_cited_by": "9"
                },
                {
                    "Paper_name": "A novel unidirectional proxy re-signature scheme and its application for MANETs",
                    "Paper_authors": "X Hong, Y Long",
                    "Paper_conference_and_year": "Journal of Computers 7 (7), 1796-1800, 2012",
                    "Paper_cited_by": "9"
                },
                {
                    "Paper_name": "ID-based threshold decryption secure against adaptive chosen-ciphertext attack",
                    "Paper_authors": "Y Long, K Chen, S Liu",
                    "Paper_conference_and_year": "Computers & Electrical Engineering 33 (3), 166-176, 2007",
                    "Paper_cited_by": "9"
                },
                {
                    "Paper_name": "Cryptanalysis of a certificateless aggregate signature scheme",
                    "Paper_authors": "L Wang, K Chen, Y Long, H Wang",
                    "Paper_conference_and_year": "Security and communication networks 9 (11), 1353-1358, 2016",
                    "Paper_cited_by": "8"
                },
                {
                    "Paper_name": "Access control encryption with efficient verifiable sanitized decryption",
                    "Paper_authors": "H Wang, K Chen, JK Liu, Z Hu, Y Long",
                    "Paper_conference_and_year": "Information Sciences 465, 72-85, 2018",
                    "Paper_cited_by": "6"
                },
                {
                    "Paper_name": "Attribute-based signature on lattices",
                    "Paper_authors": "X Mao, K Chen, Y Long, L Wang",
                    "Paper_conference_and_year": "Journal of Shanghai Jiaotong University (Science) 19 (4), 406-411, 2014",
                    "Paper_cited_by": "6"
                }
            ],
            "Co_authors": [],
            "Cited_graph": [
                "2008",
                "2009",
                "2010",
                "2011",
                "2012",
                "2013",
                "2014",
                "2015",
                "2016",
                "2017",
                "2018",
                "2019",
                "2020",
                "2021",
                "6",
                "13",
                "12",
                "30",
                "23",
                "28",
                "44",
                "48",
                "49",
                "41",
                "51",
                "52",
                "66",
                "17"
            ]
        },
        {
            "Name": "Yu Yu",
            "Title and University": "Shanghai Jiao Tong University",
            "Homepage": "",
            "Interests": [
                "cosmology",
                "large scale structure"
            ],
            "Papers": [
                {
                    "Paper_name": "Satellite alignment. I. Distribution of substructures and their dependence on assembly history from N-body simulations",
                    "Paper_authors": "0 articles",
                    "Paper_conference_and_year": "not available",
                    "Paper_cited_by": "50"
                },
                {
                    "Paper_name": "Gaussianizing the non-Gaussian lensing convergence field: The performance of the Gaussianization",
                    "Paper_authors": "YO Wang, WP Lin, X Kang, A Dutton, Y Yu, AV Macci\u00f2",
                    "Paper_conference_and_year": "The Astrophysical Journal 786 (1), 8, 2014",
                    "Paper_cited_by": "24"
                },
                {
                    "Paper_name": "Accurate determination of halo velocity bias in simulations and its cosmological implications",
                    "Paper_authors": "Y Yu, P Zhang, W Lin, W Cui, JN Fry",
                    "Paper_conference_and_year": "Physical Review D 84 (2), 023523, 2011",
                    "Paper_cited_by": "13"
                },
                {
                    "Paper_name": "Gaussianizing the non-Gaussian lensing convergence field II. The applicability to noisy data",
                    "Paper_authors": "J Chen, P Zhang, Y Zheng, Y Yu, Y Jing",
                    "Paper_conference_and_year": "The Astrophysical Journal 861 (1), 58, 2018",
                    "Paper_cited_by": "10"
                },
                {
                    "Paper_name": "Weak lensing reconstruction through cosmic magnification\u2013II. Improved power spectrum determination and map-making",
                    "Paper_authors": "Y Yu, P Zhang, W Lin, W Cui, JN Fry",
                    "Paper_conference_and_year": "Physical Review D 86 (2), 023515, 2012",
                    "Paper_cited_by": "7"
                },
                {
                    "Paper_name": "Verifications of scaling relations useful for the intrinsic alignment self-calibration",
                    "Paper_authors": "X Yang, P Zhang, J Zhang, Y Yu",
                    "Paper_conference_and_year": "Monthly Notices of the Royal Astronomical Society 447 (1), 345-362, 2014",
                    "Paper_cited_by": "5"
                },
                {
                    "Paper_name": "The source-lens clustering effect in the context of lensing tomography and its self-calibration",
                    "Paper_authors": "X Meng, Y Yu, P Zhang, Y Jing",
                    "Paper_conference_and_year": "The Astrophysical Journal 864 (1), 1, 2018",
                    "Paper_cited_by": "5"
                },
                {
                    "Paper_name": "Weak-lensing power spectrum reconstruction by counting galaxies. I. The ABS Method",
                    "Paper_authors": "Y Yu, P Zhang, W Lin, W Cui",
                    "Paper_conference_and_year": "The Astrophysical Journal 803 (1), 46, 2015",
                    "Paper_cited_by": "4"
                },
                {
                    "Paper_name": "Non-negative Matrix Factorization for Self-calibration of Photometric Redshift Scatter in Weak-lensing Surveys",
                    "Paper_authors": "X Yang, J Zhang, Y Yu, P Zhang",
                    "Paper_conference_and_year": "The Astrophysical Journal 845 (2), 174, 2017",
                    "Paper_cited_by": "2"
                },
                {
                    "Paper_name": "Fast generation of weak lensing maps by the inverse-Gaussianization method",
                    "Paper_authors": "L Zhang, Y Yu, P Zhang",
                    "Paper_conference_and_year": "The Astrophysical Journal 848 (1), 44, 2017",
                    "Paper_cited_by": "1"
                },
                {
                    "Paper_name": "Kriging interpolating cosmic velocity field. II. Taking anistropies and multistreaming into account",
                    "Paper_authors": "Y Yu, P Zhang, Y Jing",
                    "Paper_conference_and_year": "Physical Review D 94 (8), 083520, 2016",
                    "Paper_cited_by": ""
                }
            ],
            "Co_authors": [],
            "Cited_graph": [
                "2011",
                "2012",
                "2013",
                "2014",
                "2015",
                "2016",
                "2017",
                "2018",
                "2019",
                "2020",
                "2021",
                "3",
                "7",
                "7",
                "8",
                "21",
                "9",
                "17",
                "15",
                "19",
                "11",
                "3"
            ]
        },
        {
            "Name": "Yuanyuan Zhang",
            "Title and University": "Shanghai Jiao Tong University",
            "Homepage": "",
            "Interests": [
                "Computer security"
            ],
            "Papers": [
                {
                    "Paper_name": "Appspear: Bytecode decrypting and dex reassembling for packed android malware",
                    "Paper_authors": "W Yang, Y Zhang, J Li, J Shu, B Li, W Hu, D Gu",
                    "Paper_conference_and_year": "International Workshop on Recent Advances in Intrusion Detection, 359-381, 2015",
                    "Paper_cited_by": "70"
                },
                {
                    "Paper_name": "From collision to exploitation: Unleashing use-after-free vulnerabilities in linux kernel",
                    "Paper_authors": "W Xu, J Li, J Shu, W Yang, T Xie, Y Zhang, D Gu",
                    "Paper_conference_and_year": "Proceedings of the 22nd ACM SIGSAC Conference on Computer and Communications\u00a0\u2026, 2015",
                    "Paper_cited_by": "60"
                },
                {
                    "Paper_name": "Vulnerability assessment of oauth implementations in android applications",
                    "Paper_authors": "H Wang, Y Zhang, J Li, H Liu, W Yang, B Li, D Gu",
                    "Paper_conference_and_year": "Proceedings of the 31st Annual Computer Security Applications Conference, 61-70, 2015",
                    "Paper_cited_by": "42"
                },
                {
                    "Paper_name": "Binary code clone detection across architectures and compiling configurations",
                    "Paper_authors": "Y Hu, Y Zhang, J Li, D Gu",
                    "Paper_conference_and_year": "Proceedings of the 25th International Conference on Program Comprehension, 88-98, 2017",
                    "Paper_cited_by": "39"
                },
                {
                    "Paper_name": "icryptotracer: Dynamic analysis on misuse of cryptography functions in ios applications",
                    "Paper_authors": "Y Li, Y Zhang, J Li, D Gu",
                    "Paper_conference_and_year": "International Conference on Network and System Security, 349-362, 2014",
                    "Paper_cited_by": "36"
                },
                {
                    "Paper_name": "APKLancet: tumor payload diagnosis and purification for android applications",
                    "Paper_authors": "W Yang, J Li, Y Zhang, Y Li, J Shu, D Gu",
                    "Paper_conference_and_year": "Proceedings of the 9th ACM symposium on Information, computer and\u00a0\u2026, 2014",
                    "Paper_cited_by": "31"
                },
                {
                    "Paper_name": "SGOR: Secure and scalable geographic opportunistic routing with received signal strength in WSNs",
                    "Paper_authors": "C Lyu, D Gu, X Zhang, S Sun, Y Zhang, A Pande",
                    "Paper_conference_and_year": "Computer Communications 59, 37-51, 2015",
                    "Paper_cited_by": "25"
                },
                {
                    "Paper_name": "Smart solution, poor protection: An empirical study of security and privacy issues in developing and deploying smart home devices",
                    "Paper_authors": "H Liu, C Li, X Jin, J Li, Y Zhang, D Gu",
                    "Paper_conference_and_year": "Proceedings of the 2017 Workshop on Internet of Things Security and Privacy\u00a0\u2026, 2017",
                    "Paper_cited_by": "20"
                },
                {
                    "Paper_name": "Show Me the Money! Finding Flawed Implementations of Third-party In-app Payment in Android Apps",
                    "Paper_authors": "W Yang, Y Zhang, J Li, H Liu, Q Wang, Y Zhang, D Gu",
                    "Paper_conference_and_year": "",
                    "Paper_cited_by": "18"
                },
                {
                    "Paper_name": "Cross-Architecture Binary Semantics Understanding via Similar Code Comparison",
                    "Paper_authors": "Y Hu, Y Zhang, J Li, D Gu",
                    "Paper_conference_and_year": "Software Analysis, Evolution, and Reengineering (SANER), 2016 IEEE 23rd\u00a0\u2026, 2016",
                    "Paper_cited_by": "18"
                },
                {
                    "Paper_name": "AppSpear: Automating the hidden-code extraction and reassembling of packed android malware",
                    "Paper_authors": "B Li, Y Zhang, J Li, W Yang, D Gu",
                    "Paper_conference_and_year": "Journal of Systems and Software 140, 3-16, 2018",
                    "Paper_cited_by": "15"
                },
                {
                    "Paper_name": "The Achilles heel of OAuth: a multi-platform study of OAuth-based authentication",
                    "Paper_authors": "H Wang, Y Zhang, J Li, D Gu",
                    "Paper_conference_and_year": "Proceedings of the 32nd Annual Conference on Computer Security Applications\u00a0\u2026, 2016",
                    "Paper_cited_by": "15"
                },
                {
                    "Paper_name": "Android app protection via interpretation obfuscation",
                    "Paper_authors": "J Shu, J Li, Y Zhang, D Gu",
                    "Paper_conference_and_year": "Dependable, Autonomic and Secure Computing (DASC), 2014 IEEE 12th\u00a0\u2026, 2014",
                    "Paper_cited_by": "15"
                },
                {
                    "Paper_name": "Towards efficient, secure, and fine-grained access control system in msns with flexible revocations",
                    "Paper_authors": "SF Sun, C Lyu, D Gu, Y Zhang, Y Ren",
                    "Paper_conference_and_year": "International Journal of Distributed Sensor Networks, 2015",
                    "Paper_cited_by": "14"
                },
                {
                    "Paper_name": "Embroidery: Patching Vulnerable Binary Code of Fragmentized Android Devices",
                    "Paper_authors": "X Zhang, Y Zhang, J Li, Y Hu, H Li, D Gu",
                    "Paper_conference_and_year": "Software Maintenance and Evolution (ICSME), 2017 IEEE International\u00a0\u2026, 2017",
                    "Paper_cited_by": "13"
                },
                {
                    "Paper_name": "Why data deletion fails? A study on deletion flaws and data remanence in Android systems",
                    "Paper_authors": "J Shu, Y Zhang, J Li, B Li, D Gu",
                    "Paper_conference_and_year": "ACM Transactions on Embedded Computing Systems (TECS) 16 (2), 61, 2017",
                    "Paper_cited_by": "10"
                },
                {
                    "Paper_name": "Selective Forwarding Attacks against Data and ACK Flows in Network Coding and Countermeasures",
                    "Paper_authors": "Y Zhang, M Minier",
                    "Paper_conference_and_year": "Journal of Computer Networks and Communications 2012, 2012",
                    "Paper_cited_by": "10"
                },
                {
                    "Paper_name": "Security analysis of vendor customized code in firmware of embedded device",
                    "Paper_authors": "M Liu, Y Zhang, J Li, J Shu, D Gu",
                    "Paper_conference_and_year": "International Conference on Security and Privacy in Communication Systems\u00a0\u2026, 2016",
                    "Paper_cited_by": "9"
                },
                {
                    "Paper_name": "Exploiting unidirectional links for key establishment protocols in heterogeneous sensor networks",
                    "Paper_authors": "Y Zhang, D Gu, J Li",
                    "Paper_conference_and_year": "Computer Communications 31 (13), 2959-2971, 2008",
                    "Paper_cited_by": "9"
                },
                {
                    "Paper_name": "Passwords in the Air: Harvesting Wi-Fi Credentials from SmartCfg Provisioning",
                    "Paper_authors": "C Li, Q Cai, J Li, H Liu, Y Zhang, D Gu, Y Yu",
                    "Paper_conference_and_year": "",
                    "Paper_cited_by": "8"
                }
            ],
            "Co_authors": [
                {
                    "Co_authors_name": "Marine Minier",
                    "Co_authors_title_and_institution": "Professor at Universit\u00e9 de Lorraine - LORIA Lab"
                },
                {
                    "Co_authors_name": "Bart Preneel",
                    "Co_authors_title_and_institution": "Professor, KU Leuven"
                }
            ],
            "Cited_graph": [
                "2008",
                "2009",
                "2010",
                "2011",
                "2012",
                "2013",
                "2014",
                "2015",
                "2016",
                "2017",
                "2018",
                "2019",
                "2020",
                "2021",
                "3",
                "2",
                "11",
                "3",
                "9",
                "9",
                "5",
                "9",
                "52",
                "87",
                "101",
                "126",
                "115",
                "16"
            ]
        }
    ]
}