{
  "features": [
    {
      "Name": "Jianping Wu",
      "Title and University": "Professor, Tsinghua University",
      "Homepage": "",
      "Interests": [
        "intelligent transportation"
      ],
      "Papers": [
        {
          "Paper_name": "Structure of a eukaryotic voltage-gated sodium channel at near-atomic resolution",
          "Paper_authors": "H Shen, Q Zhou, X Pan, Z Li, J Wu, N Yan",
          "Paper_conference_and_year": "Science 355 (6328), 2017",
          "Paper_cited_by": "295"
        },
        {
          "Paper_name": "Structure of the voltage-gated calcium channel Cav1. 1 complex",
          "Paper_authors": "J Wu, Z Yan, Z Li, C Yan, S Lu, M Dong, N Yan",
          "Paper_conference_and_year": "Science 350 (6267), 2015",
          "Paper_cited_by": "240"
        },
        {
          "Paper_name": "Structure of the Nav1. 4-β1 complex from electric eel",
          "Paper_authors": "Z Yan, Q Zhou, L Wang, J Wu, Y Zhao, G Huang, W Peng, H Shen, J Lei, ...",
          "Paper_conference_and_year": "Cell 170 (3), 470-482. e11, 2017",
          "Paper_cited_by": "211"
        },
        {
          "Paper_name": "Structural basis for the gating mechanism of the type 2 ryanodine receptor RyR2",
          "Paper_authors": "W Peng, H Shen, J Wu, W Guo, X Pan, R Wang, SRW Chen, N Yan",
          "Paper_conference_and_year": "Science 354 (6310), 2016",
          "Paper_cited_by": "174"
        },
        {
          "Paper_name": "Fuzzy sets and systems for a motorway microscopic simulation model",
          "Paper_authors": "J Wu, M Brackstone, M McDonald",
          "Paper_conference_and_year": "Fuzzy sets and systems 116 (1), 65-76, 2000",
          "Paper_cited_by": "169"
        },
        {
          "Paper_name": "Bus priority using pre-signals",
          "Paper_authors": "J Wu, N Hounsell",
          "Paper_conference_and_year": "Transportation Research Part A: Policy and Practice 32 (8), 563-583, 1998",
          "Paper_cited_by": "157"
        },
        {
          "Paper_name": "An atomic structure of the human 26S proteasome",
          "Paper_authors": "X Huang, B Luan, J Wu, Y Shi",
          "Paper_conference_and_year": "Nature structural & molecular biology 23 (9), 778-785, 2016",
          "Paper_cited_by": "146"
        },
        {
          "Paper_name": "Structural insights into RIP3-mediated necroptotic signaling",
          "Paper_authors": "T Xie, W Peng, C Yan, J Wu, X Gong, Y Shi",
          "Paper_conference_and_year": "Cell reports 5 (1), 70-78, 2013",
          "Paper_cited_by": "133"
        },
        {
          "Paper_name": "Structural basis for the modulation of voltage-gated sodium channels by animal toxins",
          "Paper_authors": "H Shen, Z Li, Y Jiang, X Pan, J Wu, B Cristofori-Armstrong, JJ Smith, ...",
          "Paper_conference_and_year": "Science 362 (6412), 2018",
          "Paper_cited_by": "119"
        },
        {
          "Paper_name": "The validation of a microscopic simulation model: a methodological case study",
          "Paper_authors": "J Wu, M Brackstone, M McDonald",
          "Paper_conference_and_year": "Transportation Research Part C: Emerging Technologies 11 (6), 463-479, 2003",
          "Paper_cited_by": "119"
        },
        {
          "Paper_name": "Development of a fuzzy logic based microscopic motorway simulation model",
          "Paper_authors": "M McDonald, J Wu, M Brackstone",
          "Paper_conference_and_year": "Proceedings of Conference on Intelligent Transportation Systems, 82-87, 1997",
          "Paper_cited_by": "110"
        },
        {
          "Paper_name": "Traffic speed prediction using deep learning method",
          "Paper_authors": "Y Jia, J Wu, Y Du",
          "Paper_conference_and_year": "2016 IEEE 19th International Conference on Intelligent Transportation …, 2016",
          "Paper_cited_by": "97"
        },
        {
          "Paper_name": "Structure of a bacterial energy-coupling factor transporter",
          "Paper_authors": "T Wang, G Fu, X Pan, J Wu, X Gong, J Wang, Y Shi",
          "Paper_conference_and_year": "Nature 497 (7448), 272-276, 2013",
          "Paper_cited_by": "77"
        },
        {
          "Paper_name": "The Central domain of RyR1 is the transducer for long-range allosteric gating of channel opening",
          "Paper_authors": "XC Bai, Z Yan, J Wu, Z Li, N Yan",
          "Paper_conference_and_year": "Cell research 26 (9), 995-1006, 2016",
          "Paper_cited_by": "75"
        },
        {
          "Paper_name": "Lane changing on the motorway: Factors affecting its occurrence, and their implications",
          "Paper_authors": "M Brackstone, M McDonald, J Wu",
          "Paper_conference_and_year": "IET Digital Library, 1998",
          "Paper_cited_by": "73"
        },
        {
          "Paper_name": "Structure of an endogenous yeast 26S proteasome reveals two major conformational states",
          "Paper_authors": "B Luan, X Huang, J Wu, Z Mei, Y Wang, X Xue, C Yan, J Wang, DJ Finley, ...",
          "Paper_conference_and_year": "Proceedings of the National Academy of Sciences 113 (10), 2642-2647, 2016",
          "Paper_cited_by": "65"
        },
        {
          "Paper_name": "Study of pedestrians' gap acceptance behavior when they jaywalk outside crossing facilities",
          "Paper_authors": "T Wang, J Wu, P Zheng, M McDonald",
          "Paper_conference_and_year": "13th International IEEE Conference on Intelligent Transportation Systems …, 2010",
          "Paper_cited_by": "64"
        },
        {
          "Paper_name": "A robust scheduling method based on a multi-objective immune algorithm",
          "Paper_authors": "X Zuo, H Mo, J Wu",
          "Paper_conference_and_year": "Information Sciences 179 (19), 3359-3369, 2009",
          "Paper_cited_by": "59"
        },
        {
          "Paper_name": "Molecular basis for ligand modulation of a mammalian voltage-gated Ca2+ channel",
          "Paper_authors": "Y Zhao, G Huang, J Wu, Q Wu, S Gao, Z Yan, J Lei, N Yan",
          "Paper_conference_and_year": "Cell 177 (6), 1495-1506. e12, 2019",
          "Paper_cited_by": "58"
        },
        {
          "Paper_name": "Rainfall-integrated traffic speed prediction using deep learning method",
          "Paper_authors": "Y Jia, J Wu, M Ben-Akiva, R Seshadri, Y Du",
          "Paper_conference_and_year": "IET Intelligent Transport Systems 11 (9), 531-536, 2017",
          "Paper_cited_by": "58"
        }
      ],
      "Co_authors": [
        {
          "Co_authors_name": "Mark Brackstone",
          "Co_authors_title_and_institution": "Owner"
        },
        {
          "Co_authors_name": "Ming Xu",
          "Co_authors_title_and_institution": "Professor, Software School, Liaoning Technology University"
        },
        {
          "Co_authors_name": "Neville A Stanton",
          "Co_authors_title_and_institution": "University of Southampton"
        },
        {
          "Co_authors_name": "Rich C. McIlroy",
          "Co_authors_title_and_institution": "Transportation Research Group, University of Southampton"
        },
        {
          "Co_authors_name": "Nam Vũ hoài",
          "Co_authors_title_and_institution": "Associate Professor, National University of Civil Engineering, Hanoi, Vietnam"
        },
        {
          "Co_authors_name": "Kiron Chatterjee",
          "Co_authors_title_and_institution": "Associate Professor in Travel Behaviour, University of the West of England, Bristol (UWE)"
        },
        {
          "Co_authors_name": "Pengjun Zheng",
          "Co_authors_title_and_institution": "Southampton or Ningbo"
        },
        {
          "Co_authors_name": "Lyuchao Liao PhD",
          "Co_authors_title_and_institution": "Associate Professor, Fujian University of Techonology; Postdoctor at Tsinghua University"
        },
        {
          "Co_authors_name": "LI Yanying",
          "Co_authors_title_and_institution": "ERTICO - ITS Europe"
        },
        {
          "Co_authors_name": "Yuxin Sun",
          "Co_authors_title_and_institution": "South China Sea Institute of Oceanology, Chinese Academy of Sciences"
        },
        {
          "Co_authors_name": "Qingyong LI",
          "Co_authors_title_and_institution": "Professor of Beijing Jiaotong University"
        }
      ],
      "Cited_graph": [
        "2001",
        "2002",
        "2003",
        "2004",
        "2005",
        "2006",
        "2007",
        "2008",
        "2009",
        "2010",
        "2011",
        "2012",
        "2013",
        "2014",
        "2015",
        "2016",
        "2017",
        "2018",
        "2019",
        "2020",
        "2021",
        "13",
        "19",
        "17",
        "29",
        "34",
        "55",
        "55",
        "73",
        "86",
        "102",
        "100",
        "95",
        "144",
        "157",
        "223",
        "300",
        "444",
        "555",
        "686",
        "771",
        "347"
      ]
    },
    {
      "Name": "Yong Cui",
      "Title and University": "Professor of Computer Science, Tsinghua University",
      "Homepage": "http://www.4over6.edu.cn/cuiyong/",
      "Interests": [
        "Network Architecture",
        "Mobile Computing"
      ],
      "Papers": [
        {
          "Paper_name": "Cloud gaming: architecture and performance",
          "Paper_authors": "R Shea, J Liu, ECH Ngai, Y Cui",
          "Paper_conference_and_year": "IEEE network 27 (4), 16-21, 2013",
          "Paper_cited_by": "291"
        },
        {
          "Paper_name": "Machine learning for networking: Workflow, advances and opportunities",
          "Paper_authors": "M Wang, Y Cui, X Wang, S Xiao, J Jiang",
          "Paper_conference_and_year": "Ieee Network 32 (2), 92-99, 2017",
          "Paper_cited_by": "244"
        },
        {
          "Paper_name": "Sparse target counting and localization in sensor networks based on compressive sensing",
          "Paper_authors": "B Zhang, X Cheng, N Zhang, Y Cui, Y Li, Q Liang",
          "Paper_conference_and_year": "2011 Proceedings IEEE INFOCOM, 2255-2263, 2011",
          "Paper_cited_by": "221"
        },
        {
          "Paper_name": "Transition from IPv4 to IPv6: A state-of-the-art survey",
          "Paper_authors": "P Wu, Y Cui, J Wu, J Liu, C Metz",
          "Paper_conference_and_year": "IEEE Communications Surveys & Tutorials 15 (3), 1407-1424, 2012",
          "Paper_cited_by": "176"
        },
        {
          "Paper_name": "软件定义网络 (SDN) 研究进展",
          "Paper_authors": "张朝昆， 崔勇， 唐翯祎， 吴建平",
          "Paper_conference_and_year": "软件学报, 62-81, 2015",
          "Paper_cited_by": "158"
        },
        {
          "Paper_name": "软件定义网络 (SDN) 研究进展",
          "Paper_authors": "张朝昆， 崔勇， 唐翯祎， 吴建平",
          "Paper_conference_and_year": "软件学报 26 (1), 62-81, 2015",
          "Paper_cited_by": "158"
        },
        {
          "Paper_name": "FMTCP: A fountain code-based multipath transmission control protocol",
          "Paper_authors": "Y Cui, L Wang, X Wang, H Wang, Y Wang",
          "Paper_conference_and_year": "IEEE/ACM Transactions on Networking 23 (2), 465-478, 2014",
          "Paper_cited_by": "147"
        },
        {
          "Paper_name": "Ensuring security and privacy preservation for cloud data services",
          "Paper_authors": "J Tang, Y Cui, Q Li, K Ren, J Liu, R Buyya",
          "Paper_conference_and_year": "ACM Computing Surveys (CSUR) 49 (1), 1-39, 2016",
          "Paper_cited_by": "141"
        },
        {
          "Paper_name": "Furion: Engineering high-quality immersive virtual reality on today's mobile devices",
          "Paper_authors": "Z Lai, YC Hu, Y Cui, L Sun, N Dai, HS Lee",
          "Paper_conference_and_year": "IEEE Transactions on Mobile Computing 19 (7), 1586-1602, 2019",
          "Paper_cited_by": "134"
        },
        {
          "Paper_name": "State-of-the-art survey on software-defined networking (SDN)",
          "Paper_authors": "CK Zhang, Y Cui, HY Tang, JP Wu",
          "Paper_conference_and_year": "Journal of software 26 (1), 62-81, 2015",
          "Paper_cited_by": "122"
        },
        {
          "Paper_name": "Wireless data center networking",
          "Paper_authors": "Y Cui, H Wang, X Cheng, B Chen",
          "Paper_conference_and_year": "IEEE Wireless Communications 18 (6), 46-53, 2011",
          "Paper_cited_by": "106"
        },
        {
          "Paper_name": "AP association for proportional fairness in multirate WLANs",
          "Paper_authors": "W Li, S Wang, Y Cui, X Cheng, R Xin, M Al-Rodhaan, A Al-Dhelaan",
          "Paper_conference_and_year": "Networking, IEEE/ACM Transactions on 22 (1), 191-202, 2014",
          "Paper_cited_by": "100"
        },
        {
          "Paper_name": "AP association for proportional fairness in multirate WLANs",
          "Paper_authors": "W Li, S Wang, Y Cui, X Cheng, R Xin, MA Al-Rodhaan, A Al-Dhelaan",
          "Paper_conference_and_year": "IEEE/ACM Transactions On Networking 22 (1), 191-202, 2013",
          "Paper_cited_by": "100"
        },
        {
          "Paper_name": "A survey of energy efficient wireless transmission and modeling in mobile cloud computing",
          "Paper_authors": "Y Cui, X Ma, H Wang, I Stojmenovic, J Liu",
          "Paper_conference_and_year": "Mobile Networks and Applications 18 (1), 148-155, 2013",
          "Paper_cited_by": "93"
        },
        {
          "Paper_name": "Precomputation for multiconstrained QoS routing in high-speed networks",
          "Paper_authors": "Y Cui, K Xu, J Wu",
          "Paper_conference_and_year": "IEEE INFOCOM 2003. Twenty-second Annual Joint Conference of the IEEE …, 2003",
          "Paper_cited_by": "89"
        },
        {
          "Paper_name": "Softwire mesh framework",
          "Paper_authors": "J Wu, Y Cui, C Metz, E Rosen",
          "Paper_conference_and_year": "",
          "Paper_cited_by": "84"
        },
        {
          "Paper_name": "An improved Wu-Manber multiple patterns matching algorithm",
          "Paper_authors": "X Ke, C Yong",
          "Paper_conference_and_year": "2006 IEEE International Performance Computing and Communications Conference …, 2006",
          "Paper_cited_by": "83"
        },
        {
          "Paper_name": "Reliable multicast in data center networks",
          "Paper_authors": "D Li, M Xu, Y Liu, X Xie, Y Cui, J Wang, G Chen",
          "Paper_conference_and_year": "IEEE Transactions on Computers 63 (8), 2011-2024, 2013",
          "Paper_cited_by": "79"
        },
        {
          "Paper_name": "Energy-traffic tradeoff cooperative offloading for mobile cloud computing",
          "Paper_authors": "J Song, Y Cui, M Li, J Qiu, R Buyya",
          "Paper_conference_and_year": "2014 IEEE 22nd International Symposium of Quality of Service (IWQoS), 284-289, 2014",
          "Paper_cited_by": "78"
        },
        {
          "Paper_name": "Network coding based multipath TCP",
          "Paper_authors": "M Li, A Lukyanenko, Y Cui",
          "Paper_conference_and_year": "2012 proceedings IEEE INFOCOM workshops, 25-30, 2012",
          "Paper_cited_by": "78"
        }
      ],
      "Co_authors": [
        {
          "Co_authors_name": "Ke XU",
          "Co_authors_title_and_institution": "Computer Science Department, Tsinghua University"
        },
        {
          "Co_authors_name": "Jiangchuan Liu",
          "Co_authors_title_and_institution": "Professor, Simon Fraser University; Fellow of IEEE; Fellow of Canadian Academy of Engineering"
        },
        {
          "Co_authors_name": "Xiuzhen Cheng",
          "Co_authors_title_and_institution": "Professor of Computer Science, The George Washington University"
        },
        {
          "Co_authors_name": "Dan Li",
          "Co_authors_title_and_institution": "Tsinghua University"
        },
        {
          "Co_authors_name": "Antti Ylä-Jääski",
          "Co_authors_title_and_institution": "Professor of Telecommunications software, Aalto University"
        },
        {
          "Co_authors_name": "Ivan Stojmenovic",
          "Co_authors_title_and_institution": "Professor of Computer Science, University of Ottawa"
        },
        {
          "Co_authors_name": "Jiang Dong",
          "Co_authors_title_and_institution": "Department of Computer Science, Aalto University, Finland"
        },
        {
          "Co_authors_name": "Sajal K. Das",
          "Co_authors_title_and_institution": "Professor & Daniel St. Clair Endowed Chair, Computer Science, Missouri Univ of Science and Tech"
        }
      ],
      "Cited_graph": [
        "2003",
        "2004",
        "2005",
        "2006",
        "2007",
        "2008",
        "2009",
        "2010",
        "2011",
        "2012",
        "2013",
        "2014",
        "2015",
        "2016",
        "2017",
        "2018",
        "2019",
        "2020",
        "2021",
        "15",
        "34",
        "78",
        "56",
        "109",
        "118",
        "136",
        "127",
        "140",
        "178",
        "256",
        "383",
        "468",
        "507",
        "542",
        "603",
        "724",
        "667",
        "247"
      ]
    },
    {
      "Name": "Chao Zhang",
      "Title and University": "Tsinghua University",
      "Homepage": "http://netsec.ccert.edu.cn/people/chaoz/",
      "Interests": [
        "software and system security"
      ],
      "Papers": [
        {
          "Paper_name": "Practical control flow integrity and randomization for binary executables",
          "Paper_authors": "C Zhang, T Wei, Z Chen, L Duan, L Szekeres, S McCamant, D Song, ...",
          "Paper_conference_and_year": "2013 IEEE Symposium on Security and Privacy, 559-573, 2013",
          "Paper_cited_by": "533"
        },
        {
          "Paper_name": "CollAFL: Path Sensitive Fuzzing",
          "Paper_authors": "S Gan, C Zhang, X Qin, X Tu, K Li, Z Pei, Z Chen",
          "Paper_conference_and_year": "IEEE Security & Privacy 2018, 2018",
          "Paper_cited_by": "181"
        },
        {
          "Paper_name": "VTrust: Regaining Trust on Virtual Calls",
          "Paper_authors": "C Zhang, SA Carr, T Li, Y Ding, C Song, M Payer, D Song",
          "Paper_conference_and_year": "Network and Distributed System Security Symposium, 2016",
          "Paper_cited_by": "79"
        },
        {
          "Paper_name": "VTint: Protecting Virtual Function Tables' Integrity.",
          "Paper_authors": "C Zhang, C Song, KZ Chen, Z Chen, D Song",
          "Paper_conference_and_year": "NDSS, 2015",
          "Paper_cited_by": "74"
        },
        {
          "Paper_name": "αdiff: cross-version binary code similarity detection with dnn",
          "Paper_authors": "B Liu, W Huo, C Zhang, W Li, F Li, A Piao, W Zou",
          "Paper_conference_and_year": "Proceedings of the 33rd ACM/IEEE International Conference on Automated …, 2018",
          "Paper_cited_by": "54"
        },
        {
          "Paper_name": "Exploiting and Protecting Dynamic Code Generation.",
          "Paper_authors": "C Song, C Zhang, T Wang, W Lee, D Melski",
          "Paper_conference_and_year": "NDSS, 2015",
          "Paper_cited_by": "54"
        },
        {
          "Paper_name": "IntPatch: Automatically fix integer-overflow-to-buffer-overflow vulnerability at compile-time",
          "Paper_authors": "C Zhang, T Wang, T Wei, Y Chen, W Zou",
          "Paper_conference_and_year": "European Symposium on Research in Computer Security, 71-86, 2010",
          "Paper_cited_by": "54"
        },
        {
          "Paper_name": "{MOPT}: Optimized mutation scheduling for fuzzers",
          "Paper_authors": "C Lyu, S Ji, C Zhang, Y Li, WH Lee, Y Song, R Beyah",
          "Paper_conference_and_year": "28th {USENIX} Security Symposium ({USENIX} Security 19), 1949-1966, 2019",
          "Paper_cited_by": "46"
        },
        {
          "Paper_name": "Revery: From proof-of-concept to exploitable",
          "Paper_authors": "Y Wang, C Zhang, X Xiang, Z Zhao, W Li, X Gong, B Liu, K Chen, W Zou",
          "Paper_conference_and_year": "Proceedings of the 2018 ACM SIGSAC Conference on Computer and Communications …, 2018",
          "Paper_cited_by": "22"
        },
        {
          "Paper_name": "Towards efficient heap overflow discovery",
          "Paper_authors": "X Jia, C Zhang, P Su, Y Yang, H Huang, D Feng",
          "Paper_conference_and_year": "26th {USENIX} Security Symposium ({USENIX} Security 17), 989-1006, 2017",
          "Paper_cited_by": "22"
        },
        {
          "Paper_name": "{GREYONE}: Data Flow Sensitive Fuzzing",
          "Paper_authors": "S Gan, C Zhang, P Chen, B Zhao, X Qin, D Wu, Z Chen",
          "Paper_conference_and_year": "29th {USENIX} Security Symposium ({USENIX} Security 20), 2577-2594, 2020",
          "Paper_cited_by": "17"
        },
        {
          "Paper_name": "Protecting function pointers in binary",
          "Paper_authors": "C Zhang, T Wei, Z Chen, L Duan, S McCamant, L Szekeres",
          "Paper_conference_and_year": "Proceedings of the 8th ACM SIGSAC symposium on Information, computer and …, 2013",
          "Paper_cited_by": "17"
        },
        {
          "Paper_name": "A framework to eliminate backdoors from response-computable authentication",
          "Paper_authors": "S Dai, T Wei, C Zhang, T Wang, Y Ding, Z Liang, W Zou",
          "Paper_conference_and_year": "2012 IEEE Symposium on Security and Privacy, 3-17, 2012",
          "Paper_cited_by": "15"
        },
        {
          "Paper_name": "Android low entropy demystified",
          "Paper_authors": "Y Ding, Z Peng, Y Zhou, C Zhang",
          "Paper_conference_and_year": "2014 IEEE International Conference on Communications (ICC), 659-664, 2014",
          "Paper_cited_by": "14"
        },
        {
          "Paper_name": "Using type analysis in compiler to mitigate integer-overflow-to-buffer-overflow threat",
          "Paper_authors": "C Zhang, W Zou, T Wang, Y Chen, T Wei",
          "Paper_conference_and_year": "Journal of Computer Security 19 (6), 1083-1107, 2011",
          "Paper_cited_by": "10"
        },
        {
          "Paper_name": "SecGOT: Secure global offset tables in ELF executables",
          "Paper_authors": "C Zhang, L Duan, T Wei, W Zou",
          "Paper_conference_and_year": "Proceedings of the 2nd International Conference on Computer Science and …, 2013",
          "Paper_cited_by": "9"
        },
        {
          "Paper_name": "Abusing CDNs for Fun and Profit: Security Issues in CDNs’ Origin Validation",
          "Paper_authors": "R Guo, J Chen, B Liu, J Zhang, C Zhang, H Duan, T Wan, J Jiang, S Hao, ...",
          "Paper_conference_and_year": "",
          "Paper_cited_by": "8"
        },
        {
          "Paper_name": "SF-DRDoS: The store-and-flood distributed reflective denial of service attack",
          "Paper_authors": "B Liu, J Li, T Wei, S Berg, J Ye, C Li, C Zhang, J Zhang, X Han",
          "Paper_conference_and_year": "Computer communications 69, 107-115, 2015",
          "Paper_cited_by": "8"
        },
        {
          "Paper_name": "JITScope: Protecting web users from control-flow hijacking attacks",
          "Paper_authors": "C Zhang, M Niknami, KZ Chen, C Song, Z Chen, D Song",
          "Paper_conference_and_year": "2015 IEEE Conference on Computer Communications (INFOCOM), 567-575, 2015",
          "Paper_cited_by": "8"
        },
        {
          "Paper_name": "Detect use-after-free vulnerabilities in binaries",
          "Paper_authors": "HAN Xinhui, WEI Shuang, YE Jiayi, Z Chao, YE Zhiyuan",
          "Paper_conference_and_year": "Journal of Tsinghua University (Science and Technology) 57 (10), 1022-1029, 2017",
          "Paper_cited_by": "7"
        }
      ],
      "Co_authors": [
        {
          "Co_authors_name": "Tao Wei",
          "Co_authors_title_and_institution": "Vice President, Ant Financial"
        },
        {
          "Co_authors_name": "Dawn Song",
          "Co_authors_title_and_institution": "Professor of Computer Science, UC Berkeley"
        },
        {
          "Co_authors_name": "Zhaofeng Chen",
          "Co_authors_title_and_institution": "Security Researcher"
        },
        {
          "Co_authors_name": "Lei Duan",
          "Co_authors_title_and_institution": "Peking University"
        },
        {
          "Co_authors_name": "László Szekeres",
          "Co_authors_title_and_institution": "Senior Research Scientist, Google"
        },
        {
          "Co_authors_name": "Stephen McCamant",
          "Co_authors_title_and_institution": "Assistant Professor, University of Minnesota"
        },
        {
          "Co_authors_name": "Yu Ding",
          "Co_authors_title_and_institution": "ByteDance"
        },
        {
          "Co_authors_name": "Chengyu Song",
          "Co_authors_title_and_institution": "UC Riverside"
        },
        {
          "Co_authors_name": "Tielei Wang",
          "Co_authors_title_and_institution": "Georgia Tech"
        },
        {
          "Co_authors_name": "wei huo",
          "Co_authors_title_and_institution": "Professor, Institute of Information Engineering, CAS"
        },
        {
          "Co_authors_name": "Kevin Zhijie Chen",
          "Co_authors_title_and_institution": "Amazon"
        },
        {
          "Co_authors_name": "Kang Li",
          "Co_authors_title_and_institution": "University of Georgia"
        },
        {
          "Co_authors_name": "Haixin Duan",
          "Co_authors_title_and_institution": "Tsinghua University, International Computer Science Institute(ICSI)"
        },
        {
          "Co_authors_name": "Mathias Payer",
          "Co_authors_title_and_institution": "EPFL Computer and Communication Sciences"
        },
        {
          "Co_authors_name": "Tongxin Li",
          "Co_authors_title_and_institution": "Peking University"
        },
        {
          "Co_authors_name": "Wenke Lee",
          "Co_authors_title_and_institution": "John P. Imlay Jr. Chair and Professor of Computer Science at Georgia Tech"
        },
        {
          "Co_authors_name": "Raheem Beyah",
          "Co_authors_title_and_institution": "Motorola Foundation Professor, Georgia Tech"
        },
        {
          "Co_authors_name": "Shouling Ji",
          "Co_authors_title_and_institution": "Zhejiang University & Georgia Institute of Technology"
        },
        {
          "Co_authors_name": "Yuwei Li",
          "Co_authors_title_and_institution": "Zhejiang University"
        },
        {
          "Co_authors_name": "Jianwei Zhuge",
          "Co_authors_title_and_institution": "Associate Professor, Tsinghua University"
        }
      ],
      "Cited_graph": [
        "2012",
        "2013",
        "2014",
        "2015",
        "2016",
        "2017",
        "2018",
        "2019",
        "2020",
        "2021",
        "6",
        "21",
        "59",
        "125",
        "150",
        "149",
        "158",
        "221",
        "264",
        "97"
      ]
    },
    {
      "Name": "Mingwei Xu",
      "Title and University": "Computer Science, Tsinghua University",
      "Homepage": "http://routing.netlab.edu.cn/tiki-index.php?page=Mingwei+Xu",
      "Interests": [
        "Internet architecture"
      ],
      "Papers": [
        {
          "Paper_name": "Energy-aware routing in data center network",
          "Paper_authors": "Y Shang, D Li, M Xu",
          "Paper_conference_and_year": "Proceedings of the first ACM SIGCOMM workshop on Green networking, 1-8, 2010",
          "Paper_cited_by": "193"
        },
        {
          "Paper_name": "Age-based cooperative caching in information-centric networks",
          "Paper_authors": "Z Ming, M Xu, D Wang",
          "Paper_conference_and_year": "2012 Proceedings IEEE INFOCOM Workshops, 268-273, 2012",
          "Paper_cited_by": "186"
        },
        {
          "Paper_name": "The anti-obesity effect of green tea polysaccharides, polyphenols and caffeine in rats fed with a high-fat diet",
          "Paper_authors": "Y Xu, M Zhang, T Wu, SD Dai, J Xu, Z Zhou",
          "Paper_conference_and_year": "Food & Function 6 (1), 296-303, 2015",
          "Paper_cited_by": "139"
        },
        {
          "Paper_name": "互联网络服务质量路由算法研究综述",
          "Paper_authors": "崔勇， 吴建平， 徐恪， 徐明伟",
          "Paper_conference_and_year": "软件学报 11, 2002",
          "Paper_cited_by": "137"
        },
        {
          "Paper_name": "Delay-based congestion control for multipath TCP",
          "Paper_authors": "Y Cao, M Xu, X Fu",
          "Paper_conference_and_year": "2012 20th IEEE international conference on network protocols (ICNP), 1-10, 2012",
          "Paper_cited_by": "134"
        },
        {
          "Paper_name": "组播密钥管理的研究进展",
          "Paper_authors": "徐明伟， 董晓虎， 徐恪",
          "Paper_conference_and_year": "软件学报 15 (1), 2004",
          "Paper_cited_by": "111"
        },
        {
          "Paper_name": "Age-based cooperative caching in information-centric networking",
          "Paper_authors": "Z Ming, M Xu, D Wang",
          "Paper_conference_and_year": "2014 23rd International Conference on Computer Communication and Networks …, 2014",
          "Paper_cited_by": "89"
        },
        {
          "Paper_name": "高等计算机网络",
          "Paper_authors": "徐恪， 吴建平， 徐明伟",
          "Paper_conference_and_year": "北京: 机械工业出版社, 2003",
          "Paper_cited_by": "87"
        },
        {
          "Paper_name": "应用层组播研究综述",
          "Paper_authors": "章淼， 徐明伟， 吴建平",
          "Paper_conference_and_year": "电子学报 32 (F12), 22-25, 2004",
          "Paper_cited_by": "86"
        },
        {
          "Paper_name": "Reliable multicast in data center networks",
          "Paper_authors": "D Li, M Xu, Y Liu, X Xie, Y Cui, J Wang, G Chen",
          "Paper_conference_and_year": "IEEE Transactions on Computers 63 (8), 2011-2024, 2013",
          "Paper_cited_by": "79"
        },
        {
          "Paper_name": "Explicit multipath congestion control for data center networks",
          "Paper_authors": "Y Cao, M Xu, X Fu, E Dong",
          "Paper_conference_and_year": "Proceedings of the ninth ACM conference on Emerging networking experiments …, 2013",
          "Paper_cited_by": "67"
        },
        {
          "Paper_name": "路由查找算法研究综述",
          "Paper_authors": "徐恪， 徐明伟， 吴建平， 吴剑",
          "Paper_conference_and_year": "软件学报 13 (001), 42-50, 2002",
          "Paper_cited_by": "63"
        },
        {
          "Paper_name": "Greening data center networks with throughput-guaranteed power-aware routing",
          "Paper_authors": "M Xu, Y Shang, D Li, X Wang",
          "Paper_conference_and_year": "Computer Networks 57 (15), 2880-2899, 2013",
          "Paper_cited_by": "62"
        },
        {
          "Paper_name": "Towards energy-efficient routing in satellite networks",
          "Paper_authors": "Y Yang, M Xu, D Wang, Y Wang",
          "Paper_conference_and_year": "IEEE Journal on Selected Areas in Communications 34 (12), 3869-3886, 2016",
          "Paper_cited_by": "60"
        },
        {
          "Paper_name": "Towards secure dynamic collaborations with group-based RBAC model",
          "Paper_authors": "Q Li, X Zhang, M Xu, J Wu",
          "Paper_conference_and_year": "Computers & Security 28 (5), 260-275, 2009",
          "Paper_cited_by": "56"
        },
        {
          "Paper_name": "SNMP 网络管理综述",
          "Paper_authors": "王焕然， 徐明伟",
          "Paper_conference_and_year": "小型微型计算机系统 25 (003), 358-366, 2004",
          "Paper_cited_by": "54"
        },
        {
          "Paper_name": "RDCM: Reliable data center multicast",
          "Paper_authors": "D Li, M Xu, M Zhao, C Guo, Y Zhang, M Wu",
          "Paper_conference_and_year": "2011 Proceedings IEEE INFOCOM, 56-60, 2011",
          "Paper_cited_by": "45"
        },
        {
          "Paper_name": "分布式拒绝服务攻击研究综述",
          "Paper_authors": "徐恪， 徐明伟， 吴建平",
          "Paper_conference_and_year": "小型微型计算机系统 25 (003), 337-346, 2004",
          "Paper_cited_by": "44"
        },
        {
          "Paper_name": "数据中心网络的研究进展与趋势",
          "Paper_authors": "李丹， 陈贵海， 任丰原， 蒋长林， 徐明伟",
          "Paper_conference_and_year": "计算机学报 37 (002), 259-274, 2014",
          "Paper_cited_by": "41"
        },
        {
          "Paper_name": "Building mega data center from heterogeneous containers",
          "Paper_authors": "D Li, M Xu, H Zhao, X Fu",
          "Paper_conference_and_year": "2011 19th IEEE International Conference on Network Protocols, 256-265, 2011",
          "Paper_cited_by": "41"
        }
      ],
      "Co_authors": [
        {
          "Co_authors_name": "Ke XU",
          "Co_authors_title_and_institution": "Computer Science Department, Tsinghua University"
        },
        {
          "Co_authors_name": "Yong Cui",
          "Co_authors_title_and_institution": "Professor of Computer Science, Tsinghua University"
        },
        {
          "Co_authors_name": "Dan Wang",
          "Co_authors_title_and_institution": "The Hong Kong Polytechnic University"
        },
        {
          "Co_authors_name": "Dan Li",
          "Co_authors_title_and_institution": "Tsinghua University"
        },
        {
          "Co_authors_name": "Patrick P. C. Lee",
          "Co_authors_title_and_institution": "The Chinese University of Hong Kong"
        },
        {
          "Co_authors_name": "Dah Ming Chiu",
          "Co_authors_title_and_institution": "Department of Information Engineering, the Chinese University of Hong Kong"
        }
      ],
      "Cited_graph": [
        "2002",
        "2003",
        "2004",
        "2005",
        "2006",
        "2007",
        "2008",
        "2009",
        "2010",
        "2011",
        "2012",
        "2013",
        "2014",
        "2015",
        "2016",
        "2017",
        "2018",
        "2019",
        "2020",
        "2021",
        "23",
        "32",
        "57",
        "86",
        "106",
        "130",
        "132",
        "158",
        "157",
        "133",
        "182",
        "218",
        "281",
        "290",
        "352",
        "303",
        "310",
        "342",
        "383",
        "161"
      ]
    },
    {
      "Name": "Dan Li",
      "Title and University": "Tsinghua University",
      "Homepage": "http://nasp.cs.tsinghua.edu.cn/lidan.html",
      "Interests": [
        "Future Internet architecture",
        "data center networks",
        "software defined networking"
      ],
      "Papers": [
        {
          "Paper_name": "BCube: a high performance, server-centric network architecture for modular data centers",
          "Paper_authors": "C Guo, G Lu, D Li, H Wu, X Zhang, Y Shi, C Tian, Y Zhang, S Lu",
          "Paper_conference_and_year": "ACM SIGCOMM Computer Communication Review 39 (4), 63-74, 2009",
          "Paper_cited_by": "1848"
        },
        {
          "Paper_name": "Huazhong University of Science and Technology",
          "Paper_authors": "W Deng, F Liu, H Jin, B Li, D Li",
          "Paper_conference_and_year": "Network, IEEE 28 (1), 48-55, 2014",
          "Paper_cited_by": "368"
        },
        {
          "Paper_name": "FiConn: Using backup port for server interconnection in data centers",
          "Paper_authors": "D Li, C Guo, H Wu, K Tan, Y Zhang, S Lu",
          "Paper_conference_and_year": "INFOCOM 2009, IEEE, 2276-2285, 2009",
          "Paper_cited_by": "252"
        },
        {
          "Paper_name": "Energy-aware routing in data center network",
          "Paper_authors": "Y Shang, D Li, M Xu",
          "Paper_conference_and_year": "Proceedings of the first ACM SIGCOMM workshop on Green networking, 1-8, 2010",
          "Paper_cited_by": "193"
        },
        {
          "Paper_name": "MDCube: a high performance network structure for modular data center interconnection",
          "Paper_authors": "H Wu, G Lu, D Li, C Guo, Y Zhang",
          "Paper_conference_and_year": "Proceedings of the 5th international conference on Emerging networking …, 2009",
          "Paper_cited_by": "188"
        },
        {
          "Paper_name": "GreenDCN: a general framework for achieving energy efficiency in data center networks",
          "Paper_authors": "L Wang, F Zhang, JA Aroca, AV Vasilakos, K Zheng, C Hou, D Li, Z Liu",
          "Paper_conference_and_year": "Selected Areas in Communications, IEEE Journal on 32 (1), 4-15, 2014",
          "Paper_cited_by": "187"
        },
        {
          "Paper_name": "RAPIER: Integrating routing and scheduling for coflow-aware data center networks",
          "Paper_authors": "Y Zhao, K Chen, W Bai, M Yu, C Tian, Y Geng, Y Zhang, D Li, S Wang",
          "Paper_conference_and_year": "Computer Communications (INFOCOM), 2015 IEEE Conference on, 424-432, 2015",
          "Paper_cited_by": "163"
        },
        {
          "Paper_name": "ESM: efficient and scalable data center multicast routing",
          "Paper_authors": "D Li, Y Li, J Wu, S Su, J Yu",
          "Paper_conference_and_year": "IEEE/ACM Transactions on Networking (TON) 20 (3), 944-955, 2012",
          "Paper_cited_by": "112"
        },
        {
          "Paper_name": "Software defined green data center network with exclusive routing",
          "Paper_authors": "D Li, Y Shang, C Chen",
          "Paper_conference_and_year": "INFOCOM, 2014 Proceedings IEEE, 1743-1751, 2014",
          "Paper_cited_by": "90"
        },
        {
          "Paper_name": "Expandable and cost-effective network structures for data centers using dual-port servers",
          "Paper_authors": "D Guo, T Chen, D Li, M Li, Y Liu, G Chen",
          "Paper_conference_and_year": "Computers, IEEE Transactions on 62 (7), 1303-1317, 2013",
          "Paper_cited_by": "90"
        },
        {
          "Paper_name": "Scalable and cost-effective interconnection of data-center servers using dual server ports",
          "Paper_authors": "D Li, C Guo, H Wu, K Tan, Y Zhang, S Lu, J Wu",
          "Paper_conference_and_year": "IEEE/ACM Transactions on Networking (TON) 19 (1), 102-114, 2011",
          "Paper_cited_by": "89"
        },
        {
          "Paper_name": "Towards bandwidth guarantee in multi-tenancy cloud computing networks",
          "Paper_authors": "J Zhu, D Li, J Wu, H Liu, Y Zhang, J Zhang",
          "Paper_conference_and_year": "Network Protocols (ICNP), 2012 20th IEEE International Conference on, 1-10, 2012",
          "Paper_cited_by": "82"
        },
        {
          "Paper_name": "Reliable Multicast in Data Center Networks",
          "Paper_authors": "D Li, M Xu, Y Liu, X Xie, Y Cui, J Wang, G Chen",
          "Paper_conference_and_year": "IEEE, 2013",
          "Paper_cited_by": "79"
        },
        {
          "Paper_name": "Scalable data center multicast using multi-class bloom filter",
          "Paper_authors": "D Li, H Cui, Y Hu, Y Xia, X Wang",
          "Paper_conference_and_year": "Network Protocols (ICNP), 2011 19th IEEE International Conference on, 266-275, 2011",
          "Paper_cited_by": "79"
        },
        {
          "Paper_name": "云计算数据中心的新能源应用: 研究现状与趋势",
          "Paper_authors": "邓维， 刘方明， 金海， 李丹",
          "Paper_conference_and_year": "计算机学报 36 (3), 582-596, 2013",
          "Paper_cited_by": "78"
        },
        {
          "Paper_name": "PACE: Policy-Aware Application Cloud Embedding",
          "Paper_authors": "LE Li, V Liaghat, H Zhao, MT Hajiaghayi, D Li, G Wilfong, YR Yang, C Guo",
          "Paper_conference_and_year": "INFOCOM, 2013 Proceedings IEEE, 638-646, 2013",
          "Paper_cited_by": "67"
        },
        {
          "Paper_name": "Greening data center networks with throughput-guaranteed power-aware routing",
          "Paper_authors": "M Xu, Y Shang, D Li, X Wang",
          "Paper_conference_and_year": "Computer Networks 57 (15), 2880-2899, 2013",
          "Paper_cited_by": "62"
        },
        {
          "Paper_name": "BCN: Expansible network structures for data centers using hierarchical compound graphs",
          "Paper_authors": "D Guo, T Chen, D Li, Y Liu, X Liu, G Chen",
          "Paper_conference_and_year": "INFOCOM, 2011 Proceedings IEEE, 61-65, 2011",
          "Paper_cited_by": "61"
        },
        {
          "Paper_name": "IP-Geolocation Mapping for Moderately-Connected Internet Regions",
          "Paper_authors": "D Li, J Chen, C Guo, Y Liu, J Zhang, Z Zhang, Y Zhang",
          "Paper_conference_and_year": "IEEE, 2012",
          "Paper_cited_by": "56"
        },
        {
          "Paper_name": "DCloud: Deadline-aware Resource Allocation for Cloud Computing Jobs",
          "Paper_authors": "D Li, C Chen, J Guan, Y Zhang, J Zhu, R Yu",
          "Paper_conference_and_year": "IEEE, 0",
          "Paper_cited_by": "49"
        }
      ],
      "Co_authors": [],
      "Cited_graph": [
        "2007",
        "2008",
        "2009",
        "2010",
        "2011",
        "2012",
        "2013",
        "2014",
        "2015",
        "2016",
        "2017",
        "2018",
        "2019",
        "2020",
        "2021",
        "17",
        "23",
        "44",
        "138",
        "180",
        "289",
        "371",
        "486",
        "610",
        "711",
        "586",
        "590",
        "536",
        "405",
        "131"
      ]
    },
    {
      "Name": "Haixin Duan,  段海新",
      "Title and University": "Tsinghua University, International Computer Science Institute(ICSI)",
      "Homepage": "http://netsec.ccert.edu.cn/duanhx",
      "Interests": [
        "Network Security",
        "Network Measurement",
        "Network Management"
      ],
      "Papers": [
        {
          "Paper_name": "Sharing More and Checking Less: Leveraging Common Input Keywords to Detect Bugs in Embedded Systems",
          "Paper_authors": "L Chen, Y Wang, Q Cai, Y Zhan, H Hu, J Linghu, Q Hou, C Zhang, H Duan, ...",
          "Paper_conference_and_year": "30th {USENIX} Security Symposium ({USENIX} Security 21), 2021",
          "Paper_cited_by": ""
        },
        {
          "Paper_name": "From WHOIS to WHOWAS: A Large-Scale Measurement Study of Domain Registration Privacy under the GDPR",
          "Paper_authors": "C Lu, B Liu, Y Zhang, Z Li, F Zhang, H Duan, Y Liu, JQ Chen, J Liang, ...",
          "Paper_conference_and_year": "Mar, 2021",
          "Paper_cited_by": "1"
        },
        {
          "Paper_name": "Weak Links in Authentication Chains: A Large-scale Analysis of Email Sender Spoofing Attacks",
          "Paper_authors": "K Shen, C Wang, M Guo, X Zheng, C Lu, B Liu, Y Zhao, S Hao, H Duan, ...",
          "Paper_conference_and_year": "30th {USENIX} Security Symposium ({USENIX} Security 21), 2021",
          "Paper_cited_by": ""
        },
        {
          "Paper_name": "Understanding Promotion-as-a-Service on GitHub",
          "Paper_authors": "K Du, H Yang, Y Zhang, H Duan, H Wang, S Hao, Z Li, M Yang",
          "Paper_conference_and_year": "Annual Computer Security Applications Conference, 597-610, 2020",
          "Paper_cited_by": "2"
        },
        {
          "Paper_name": "Lies in the Air: Characterizing Fake-base-station Spam Ecosystem in China",
          "Paper_authors": "Y Zhang, B Liu, C Lu, Z Li, H Duan, S Hao, M Liu, Y Liu, D Wang, Q Li",
          "Paper_conference_and_year": "Proceedings of the 2020 ACM SIGSAC Conference on Computer and Communications …, 2020",
          "Paper_cited_by": ""
        },
        {
          "Paper_name": "DNS Cache Poisoning Attack Reloaded: Revolutions with Side Channels",
          "Paper_authors": "K Man, Z Qian, Z Wang, X Zheng, Y Huang, H Duan",
          "Paper_conference_and_year": "Proceedings of the 2020 ACM SIGSAC Conference on Computer and Communications …, 2020",
          "Paper_cited_by": "2"
        },
        {
          "Paper_name": "Talking with Familiar Strangers: An Empirical Study on HTTPS Context Confusion Attacks",
          "Paper_authors": "M Zhang, X Zheng, K Shen, Z Kong, C Lu, Y Wang, H Duan, S Hao, B Liu, ...",
          "Paper_conference_and_year": "Proceedings of the 2020 ACM SIGSAC Conference on Computer and Communications …, 2020",
          "Paper_cited_by": ""
        },
        {
          "Paper_name": "MQTT 安全大规模测量研究",
          "Paper_authors": "徐绘凯， 刘跃， 马振邦， 段海新",
          "Paper_conference_and_year": "信息网络安全 20 (9), 37, 2020",
          "Paper_cited_by": ""
        },
        {
          "Paper_name": "CDN Backfired: Amplification Attacks Based on HTTP Range Requests",
          "Paper_authors": "W Li, K Shen, R Guo, B Liu, J Zhang, H Duan, S Hao, X Chen, Y Wang",
          "Paper_conference_and_year": "2020 50th Annual IEEE/IFIP International Conference on Dependable Systems …, 2020",
          "Paper_cited_by": "1"
        },
        {
          "Paper_name": "Can Voters Detect Malicious Manipulation of Ballot Marking Devices?",
          "Paper_authors": "M Bernhard, A McDonald, H Meng, J Hwa, N Bajaj, K Chang, ...",
          "Paper_conference_and_year": "2020 IEEE Symposium on Security and Privacy (SP), 679-694, 2020",
          "Paper_cited_by": "16"
        },
        {
          "Paper_name": "TextExerciser: Feedback-driven Text Input Exercising for Android Applications",
          "Paper_authors": "Y He, L Zhang, Z Yang, Y Cao, K Lian, S Li, W Yang, Z Zhang, M Yang, ...",
          "Paper_conference_and_year": "2020 IEEE Symposium on Security and Privacy (SP), 1071-1087, 2020",
          "Paper_cited_by": "2"
        },
        {
          "Paper_name": "Poison Over Troubled Forwarders: A Cache Poisoning Attack Targeting {DNS} Forwarding Devices",
          "Paper_authors": "X Zheng, C Lu, J Peng, Q Yang, D Zhou, B Liu, K Man, S Hao, H Duan, ...",
          "Paper_conference_and_year": "29th {USENIX} Security Symposium ({USENIX} Security 20), 577-593, 2020",
          "Paper_cited_by": "2"
        },
        {
          "Paper_name": "Cdn judo: Breaking the cdn dos protection with itself",
          "Paper_authors": "R Guo, W Li, B Liu, S Hao, J Zhang, H Duan, K Shen, J Chen, Y Liu",
          "Paper_conference_and_year": "NDSS'20, 2020",
          "Paper_cited_by": "1"
        },
        {
          "Paper_name": "Casino royale: a deep exploration of illegal online gambling",
          "Paper_authors": "H Yang, K Du, Y Zhang, S Hao, Z Li, M Liu, H Wang, H Duan, Y Shi, X Su, ...",
          "Paper_conference_and_year": "Proceedings of the 35th Annual Computer Security Applications Conference …, 2019",
          "Paper_cited_by": ""
        },
        {
          "Paper_name": "TL; DR hazard: A comprehensive study of levelsquatting scams",
          "Paper_authors": "K Du, H Yang, Z Li, H Duan, S Hao, B Liu, Y Ye, M Liu, X Su, G Liu, ...",
          "Paper_conference_and_year": "International Conference on Security and Privacy in Communication Systems, 3-25, 2019",
          "Paper_cited_by": "3"
        },
        {
          "Paper_name": "An end-to-end, large-scale measurement of dns-over-encryption: How far have we come?",
          "Paper_authors": "C Lu, B Liu, Z Li, S Hao, H Duan, M Zhang, C Leng, Y Liu, Z Zhang, J Wu",
          "Paper_conference_and_year": "Proceedings of the Internet Measurement Conference, 22-35, 2019",
          "Paper_cited_by": "27"
        },
        {
          "Paper_name": "Fuzzing IPC with Knowledge Inference",
          "Paper_authors": "K Yang, H Zhao, C Zhang, J Zhuge, H Duan",
          "Paper_conference_and_year": "2019 38th Symposium on Reliable Distributed Systems (SRDS), 11-1109, 2019",
          "Paper_cited_by": ""
        },
        {
          "Paper_name": "New Era of Deeplearning-Based Malware Intrusion Detection: The Malware Detection and Prediction Based On Deep Learning",
          "Paper_authors": "S Lu, L Ying, W Lin, Y Wang, M Nie, K Shen, L Liu, H Duan",
          "Paper_conference_and_year": "arXiv preprint arXiv:1907.08356, 2019",
          "Paper_cited_by": "2"
        },
        {
          "Paper_name": "TraffickStop: Detecting and Measuring Illicit Traffic Monetization Through Large-scale DNS Analysis",
          "Paper_authors": "B Liu, Z Li, P Zong, C Lu, H Duan, Y Liu, S Alrwais, X Wang, S Hao, Y Jia, ...",
          "Paper_conference_and_year": "2019 IEEE European Symposium on Security and Privacy (EuroS&P), 560-575, 2019",
          "Paper_cited_by": "2"
        },
        {
          "Paper_name": "Finding the best answer: measuring the optimization of public and authoritative DNS",
          "Paper_authors": "J Zhang, H Duan, J Jiang, J Liang, J Wu",
          "Paper_conference_and_year": "Science China Information Sciences 62 (3), 1-3, 2019",
          "Paper_cited_by": ""
        }
      ],
      "Co_authors": [
        {
          "Co_authors_name": "Jian Jiang",
          "Co_authors_title_and_institution": "Research Scientist, Shape Security"
        },
        {
          "Co_authors_name": "Baojun Liu",
          "Co_authors_title_and_institution": "Postdoctoral Researcher, Tsinghua University"
        },
        {
          "Co_authors_name": "Zhou Li",
          "Co_authors_title_and_institution": "Assistant Professor, University of California, Irvine"
        },
        {
          "Co_authors_name": "Xing Li",
          "Co_authors_title_and_institution": "Tsinghua University"
        },
        {
          "Co_authors_name": "Jianwei Zhuge",
          "Co_authors_title_and_institution": "Associate Professor, Tsinghua University"
        },
        {
          "Co_authors_name": "Shuang Hao",
          "Co_authors_title_and_institution": "Assistant Professor, University of Texas at Dallas"
        },
        {
          "Co_authors_name": "Kang Li",
          "Co_authors_title_and_institution": "University of Georgia"
        },
        {
          "Co_authors_name": "Tao Wan",
          "Co_authors_title_and_institution": "Principal Architect at CableLabs"
        },
        {
          "Co_authors_name": "Chaoyi Lu",
          "Co_authors_title_and_institution": "Tsinghua University"
        },
        {
          "Co_authors_name": "Kun Du",
          "Co_authors_title_and_institution": "Tsinghua University"
        },
        {
          "Co_authors_name": "Jianjun Chen",
          "Co_authors_title_and_institution": "ICSI"
        },
        {
          "Co_authors_name": "Min Yang (杨珉)",
          "Co_authors_title_and_institution": "Professor, School of Computer Science and Technology, Fudan University"
        },
        {
          "Co_authors_name": "Yan Chen",
          "Co_authors_title_and_institution": "Northwestern University"
        },
        {
          "Co_authors_name": "Vern Paxson",
          "Co_authors_title_and_institution": "Professor, EECS, University of California, Berkeley"
        },
        {
          "Co_authors_name": "Vinod Yegneswaran",
          "Co_authors_title_and_institution": "Principal Computer Scientist, SRI International"
        },
        {
          "Co_authors_name": "Nicholas Weaver",
          "Co_authors_title_and_institution": "International Computer Science Institute"
        },
        {
          "Co_authors_name": "Hongyu Gao",
          "Co_authors_title_and_institution": "Google"
        },
        {
          "Co_authors_name": "Yuan Zhang",
          "Co_authors_title_and_institution": "Associate Professor, School of Computer Science, Fudan University"
        },
        {
          "Co_authors_name": "XiaoFeng Wang",
          "Co_authors_title_and_institution": "James H. Rudy Professor of  Computer Science, Indiana University at Bloomington"
        },
        {
          "Co_authors_name": "Sumayah Alrwais",
          "Co_authors_title_and_institution": "Assistant Professor at King Saud University, Saudi Arabia"
        }
      ],
      "Cited_graph": [
        "2001",
        "2002",
        "2003",
        "2004",
        "2005",
        "2006",
        "2007",
        "2008",
        "2009",
        "2010",
        "2011",
        "2012",
        "2013",
        "2014",
        "2015",
        "2016",
        "2017",
        "2018",
        "2019",
        "2020",
        "2021",
        "9",
        "16",
        "24",
        "25",
        "36",
        "66",
        "72",
        "78",
        "83",
        "96",
        "121",
        "123",
        "117",
        "156",
        "145",
        "161",
        "168",
        "184",
        "228",
        "274",
        "87"
      ]
    },
    {
      "Name": "Hui Wang",
      "Title and University": "Tsinghua University",
      "Homepage": "https://jessiehuiwang.github.io/",
      "Interests": [
        "Cloud Computing",
        "Routing",
        "Traffic Engineering",
        "Internet Economics"
      ],
      "Papers": [
        {
          "Paper_name": "PORT: a price-oriented reliable transport protocol for wireless sensor networks",
          "Paper_authors": "wxlin2018@gmail.com",
          "Paper_conference_and_year": "Y Zhou, MR Lyu, J Liu, H Wang",
          "Paper_cited_by": "130"
        },
        {
          "Paper_name": "CNGI-CERNET2: an IPv6 deployment in China",
          "Paper_authors": "Software Reliability Engineering, 2005. ISSRE 2005. 16th IEEE International …, 2005",
          "Paper_conference_and_year": "J Wu, JH Wang, J Yang",
          "Paper_cited_by": "60"
        },
        {
          "Paper_name": "A game–theoretic analysis of the implications of overlay network traffic on ISP peering",
          "Paper_authors": "ACM SIGCOMM Computer Communication Review 41 (2), 48-52, 2011",
          "Paper_conference_and_year": "JH Wang, DM Chiu, J Lui",
          "Paper_cited_by": "42"
        },
        {
          "Paper_name": "Characterizing the performance and stability issues of the AS path prepending method: Taxonomy, measurement study and analysis",
          "Paper_authors": "Computer Networks 52 (15), 2961-2974, 2008",
          "Paper_conference_and_year": "H Wang, RKC Chang, DM Chiu, JCS Lui",
          "Paper_cited_by": "27"
        },
        {
          "Paper_name": "Modeling the peering and routing tussle between isps and p2p applications",
          "Paper_authors": "Proceedings of ACM SIGCOMM Asia Workshop, 2005",
          "Paper_conference_and_year": "JH Wang, DM Chiu, J Lui",
          "Paper_cited_by": "24"
        },
        {
          "Paper_name": "Inter-as inbound traffic engineering via aspp",
          "Paper_authors": "Quality of Service, 2006. IWQoS 2006. 14th IEEE International Workshop on, 51-59, 2006",
          "Paper_conference_and_year": "JH Wang, DM Chiu, JCS Lui, RKC Chang",
          "Paper_cited_by": "20"
        },
        {
          "Paper_name": "Root cause analysis of anomalies of multitier services in public clouds",
          "Paper_authors": "IEEE Transactions on Network and Service Management 4 (1), 62-70, 2007",
          "Paper_conference_and_year": "J Weng, JH Wang, Y Jiahai, Y Yang",
          "Paper_cited_by": "16"
        },
        {
          "Paper_name": "Root cause analysis of anomalies of multitier services in public clouds",
          "Paper_authors": "IEEE/ACM Transactions on Networking 26 (4), 1646-1659, 2018",
          "Paper_conference_and_year": "J Weng, JH Wang, J Yang, Y Yang",
          "Paper_cited_by": "16"
        },
        {
          "Paper_name": "AMIR: another multipath interdomain routing",
          "Paper_authors": "Quality of Service (IWQoS), 2017 IEEE/ACM 25th International Symposium on, 1-6, 2017",
          "Paper_conference_and_year": "D Qin, J Yang, Z Liu, H Wang, B Zhang, W Zhang",
          "Paper_cited_by": "16"
        },
        {
          "Paper_name": "A study of traffic, user behavior and pricing policies in a large campus network",
          "Paper_authors": "Advanced Information Networking and Applications (AINA), 2012 IEEE 26th …, 2012",
          "Paper_conference_and_year": "JH Wang, C An, J Yang",
          "Paper_cited_by": "12"
        },
        {
          "Paper_name": "Multipath interdomain routing via deviation from primary path",
          "Paper_authors": "Computer Communications 34 (16), 1922-1931, 2011",
          "Paper_conference_and_year": "D Qin, J Yang, H Wang, B Zhang, L Gao, Z Liu",
          "Paper_cited_by": "10"
        },
        {
          "Paper_name": "A study on key strategies in P2P file sharing systems and ISPs’ P2P traffic management",
          "Paper_authors": "Information Networking (ICOIN), 2012 International Conference on, 222-227, 2012",
          "Paper_conference_and_year": "JH Wang, C Wang, J Yang, C An",
          "Paper_cited_by": "9"
        },
        {
          "Paper_name": "Towards online anomaly detection by combining multiple detection methods and Storm",
          "Paper_authors": "Peer-to-Peer Networking and Applications 4 (4), 410-419, 2011",
          "Paper_conference_and_year": "Z Wang, J Yang, H Zhang, C Li, S Zhang, H Wang",
          "Paper_cited_by": "8"
        },
        {
          "Paper_name": "Solving multicast problem in cloud networks using overlay routing",
          "Paper_authors": "Network Operations and Management Symposium (NOMS), 2016 IEEE/IFIP, 804-807, 2016",
          "Paper_conference_and_year": "JH Wang, J Cai, J Lu, K Yin, J Yang",
          "Paper_cited_by": "8"
        },
        {
          "Paper_name": "Separating identifier from locator with extended DNS",
          "Paper_authors": "Computer Communications 70, 1-14, 2015",
          "Paper_conference_and_year": "JH Wang, Y Wang, M Xu, J Yang",
          "Paper_cited_by": "8"
        },
        {
          "Paper_name": "Faster activity and data detection in massive random access: A multi-armed bandit approach",
          "Paper_authors": "Communications (ICC), 2012 IEEE International Conference on, 2747-2751, 2012",
          "Paper_conference_and_year": "J Dong, J Zhang, Y Shi, JH Wang",
          "Paper_cited_by": "7"
        },
        {
          "Paper_name": "An Adaptive Online Scheme for Scheduling and Resource Enforcement in Storm",
          "Paper_authors": "arXiv preprint arXiv:2001.10237, 2020",
          "Paper_conference_and_year": "S Liu, J Weng, JH Wang, C An, Y Zhou, J Wang",
          "Paper_cited_by": "6"
        },
        {
          "Paper_name": "A Survey on Resource Scheduling for Data Transfers in Inter-Datacenter WANs",
          "Paper_authors": "IEEE/ACM Transactions on Networking, 2019",
          "Paper_conference_and_year": "JH Wang, J Wang, C An, Q Zhang",
          "Paper_cited_by": "5"
        },
        {
          "Paper_name": "Towards predictable performance via two-layer bandwidth allocation in cloud datacenter",
          "Paper_authors": "Computer Networks 161, 115-137, 2019",
          "Paper_conference_and_year": "H Yu, J Yang, H Wang, H",
          "Paper_cited_by": ""
        }
      ],
      "Co_authors": [
        {
          "Co_authors_name": "Dah Ming Chiu",
          "Co_authors_title_and_institution": "Department of Information Engineering, the Chinese University of Hong Kong"
        },
        {
          "Co_authors_name": "Yangfan Zhou",
          "Co_authors_title_and_institution": "Pre-Tenured Associated Professor, Fudan University"
        },
        {
          "Co_authors_name": "Rocky Chang",
          "Co_authors_title_and_institution": "The Hong Kong Polytechnic University"
        }
      ],
      "Cited_graph": [
        "2005",
        "2006",
        "2007",
        "2008",
        "2009",
        "2010",
        "2011",
        "2012",
        "2013",
        "2014",
        "2015",
        "2016",
        "2017",
        "2018",
        "2019",
        "2020",
        "2021",
        "4",
        "8",
        "12",
        "20",
        "23",
        "24",
        "30",
        "24",
        "45",
        "39",
        "33",
        "27",
        "32",
        "21",
        "31",
        "55",
        "12"
      ]
    },
    {
      "Name": "Dan Pei",
      "Title and University": "Associate Professor of Computer Science,  Tsinghua University",
      "Homepage": "http://netman.aiops.org/~peidan",
      "Interests": [
        "AIOps",
        "AI for IT Operations",
        "Autonomous IT Operations"
      ],
      "Papers": [
        {
          "Paper_name": "Detecting Outlier Machine Instances through Gaussian Mixture Variational Autoencoder with One Dimensional CNN",
          "Paper_authors": "Y Su, Y Zhao, M Sun, S Zhang, X Wen, Y Zhang, X Liu, X Liu, J Tang, ...",
          "Paper_conference_and_year": "IEEE Transactions on Computers, 2021",
          "Paper_cited_by": ""
        },
        {
          "Paper_name": "LogClass: Anomalous Log Identification and Classification with Partial Labels",
          "Paper_authors": "W Meng, Y Liu, S Zhang, F Zaiter, Y Zhang, Y Huang, Z Yu, Y Zhang, ...",
          "Paper_conference_and_year": "IEEE Transactions on Network and Service Management, 2021",
          "Paper_cited_by": ""
        },
        {
          "Paper_name": "Summarizing Unstructured Logs in Online Services",
          "Paper_authors": "W Meng, F Zaiter, Y Huang, Y Liu, S Zhang, Y Zhang, Y Zhu, T Zhang, ...",
          "Paper_conference_and_year": "arXiv preprint arXiv:2012.08938, 2020",
          "Paper_cited_by": ""
        },
        {
          "Paper_name": "VAEPP: Variational Autoencoder with a Pull-Back Prior",
          "Paper_authors": "W Chen, W Liu, Z Cai, H Xu, D Pei",
          "Paper_conference_and_year": "International Conference on Neural Information Processing, 366-379, 2020",
          "Paper_cited_by": "1"
        },
        {
          "Paper_name": "Shallow VAEs with RealNVP Prior can Perform as Well as Deep Hierarchical VAEs",
          "Paper_authors": "H Xu, W Chen, J Lai, Z Li, Y Zhao, D Pei",
          "Paper_conference_and_year": "International Conference on Neural Information Processing, 650-659, 2020",
          "Paper_cited_by": ""
        },
        {
          "Paper_name": "Real-time incident prediction for online service systems",
          "Paper_authors": "N Zhao, J Chen, Z Wang, X Peng, G Wang, Y Wu, F Zhou, Z Feng, X Nie, ...",
          "Paper_conference_and_year": "Proceedings of the 28th ACM Joint Meeting on European Software Engineering …, 2020",
          "Paper_cited_by": "4"
        },
        {
          "Paper_name": "FluxInfer: Automatic Diagnosis of Performance Anomaly for Online Database System",
          "Paper_authors": "P Liu, S Zhang, Y Sun, Y Meng, J Yang, D Pei",
          "Paper_conference_and_year": "2020 IEEE 39th International Performance Computing and Communications …, 2020",
          "Paper_cited_by": ""
        },
        {
          "Paper_name": "A Practical Machine Learning-Based Framework to Detect DNS Covert Communication in Enterprises",
          "Paper_authors": "R Tang, C Huang, Y Zhou, H Wu, X Lu, Y Sun, Q Li, J Li, W Huang, S Sun, ...",
          "Paper_conference_and_year": "International Conference on Security and Privacy in Communication Systems, 1-21, 2020",
          "Paper_cited_by": ""
        },
        {
          "Paper_name": "LogTransfer: Cross-System Log Anomaly Detection for Software Systems with Transfer Learning",
          "Paper_authors": "R Chen, S Zhang, D Li, Y Zhang, F Guo, W Meng, D Pei, Y Zhang, X Chen, ...",
          "Paper_conference_and_year": "2020 IEEE 31st International Symposium on Software Reliability Engineering …, 2020",
          "Paper_cited_by": ""
        },
        {
          "Paper_name": "Unsupervised Detection of Microservice Trace Anomalies through Service-Level Deep Bayesian Networks",
          "Paper_authors": "P Liu, H Xu, Q Ouyang, R Jiao, Z Chen, S Zhang, J Yang, L Mo, J Zeng, ...",
          "Paper_conference_and_year": "2020 IEEE 31st International Symposium on Software Reliability Engineering …, 2020",
          "Paper_cited_by": "2"
        },
        {
          "Paper_name": "Understanding and handling alert storm for online service systems",
          "Paper_authors": "N Zhao, J Chen, X Peng, H Wang, X Wu, Y Zhang, Z Chen, X Zheng, ...",
          "Paper_conference_and_year": "2020 IEEE/ACM 42nd International Conference on Software Engineering …, 2020",
          "Paper_cited_by": "4"
        },
        {
          "Paper_name": "Practical and White-Box Anomaly Detection through Unsupervised and Active Learning",
          "Paper_authors": "Y Wang, Z Wang, Z Xie, N Zhao, J Chen, W Zhang, K Sui, D Pei",
          "Paper_conference_and_year": "2020 29th International Conference on Computer Communications and Networks …, 2020",
          "Paper_cited_by": ""
        },
        {
          "Paper_name": "A semantic-aware representation framework for online log analysis",
          "Paper_authors": "W Meng, Y Liu, Y Huang, S Zhang, F Zaiter, B Chen, D Pei",
          "Paper_conference_and_year": "2020 29th International Conference on Computer Communications and Networks …, 2020",
          "Paper_cited_by": "2"
        },
        {
          "Paper_name": "Logparse: Making log parsing adaptive through word classification",
          "Paper_authors": "W Meng, Y Liu, F Zaiter, S Zhang, Y Chen, Y Zhang, Y Zhu, E Wang, ...",
          "Paper_conference_and_year": "2020 29th International Conference on Computer Communications and Networks …, 2020",
          "Paper_cited_by": "3"
        },
        {
          "Paper_name": "Unsupervised Clustering through Gaussian Mixture Variational AutoEncoder with Non-Reparameterized Variational Inference and Std Annealing",
          "Paper_authors": "Z Li, Y Zhao, H Xu, W Chen, S Xu, Y Li, D Pei",
          "Paper_conference_and_year": "2020 International Joint Conference on Neural Networks (IJCNN), 1-8, 2020",
          "Paper_cited_by": ""
        },
        {
          "Paper_name": "Automatically and Adaptively Identifying Severe Alerts for Online Service Systems",
          "Paper_authors": "N Zhao, P Jin, L Wang, X Yang, R Liu, W Zhang, K Sui, D Pei",
          "Paper_conference_and_year": "IEEE INFOCOM 2020-IEEE Conference on Computer Communications, 2420-2429, 2020",
          "Paper_cited_by": "2"
        },
        {
          "Paper_name": "Zerowall: Detecting zero-day web attacks through encoder-decoder recurrent neural networks",
          "Paper_authors": "R Tang, Z Yang, Z Li, W Meng, H Wang, Q Li, Y Sun, D Pei, T Wei, Y Xu, ...",
          "Paper_conference_and_year": "IEEE INFOCOM 2020-IEEE Conference on Computer Communications, 2479-2488, 2020",
          "Paper_cited_by": "5"
        },
        {
          "Paper_name": "Localizing failure root causes in a microservice through causality inference",
          "Paper_authors": "Y Meng, S Zhang, Y Sun, R Zhang, Z Hu, Y Zhang, C Jia, Z Wang, D Pei",
          "Paper_conference_and_year": "2020 IEEE/ACM 28th International Symposium on Quality of Service (IWQoS), 1-10, 2020",
          "Paper_cited_by": "6"
        },
        {
          "Paper_name": "Diagnosing root causes of intermittent slow queries in cloud databases",
          "Paper_authors": "M Ma, Z Yin, S Zhang, S Wang, C Zheng, X Jiang, H Hu, C Luo, Y Li, ...",
          "Paper_conference_and_year": "Proceedings of the VLDB Endowment 13 (10), 1176-1189, 2020",
          "Paper_cited_by": "5"
        },
        {
          "Paper_name": "Efficient and robust syslog parsing for network devices in datacenter networks",
          "Paper_authors": "S Zhang, Y Liu, W Meng, J Bu, S Yang, Y Sun, D Pei, J Xu, Y Zhang, ...",
          "Paper_conference_and_year": "IEEE Access 8, 30245-30261, 2020",
          "Paper_cited_by": "3"
        }
      ],
      "Co_authors": [
        {
          "Co_authors_name": "Lixia Zhang",
          "Co_authors_title_and_institution": "Professor of Computer Science, UCLA"
        },
        {
          "Co_authors_name": "Daniel Massey",
          "Co_authors_title_and_institution": "University of Colorado Boulder"
        },
        {
          "Co_authors_name": "Beichuan Zhang",
          "Co_authors_title_and_institution": "Associate Professor of Computer Science, the University of Arizona"
        },
        {
          "Co_authors_name": "Lan Wang",
          "Co_authors_title_and_institution": "Professor and Chair of Computer Science, University of Memphis"
        },
        {
          "Co_authors_name": "Shenglin Zhang",
          "Co_authors_title_and_institution": "Nankai University"
        },
        {
          "Co_authors_name": "Kaixin Sui",
          "Co_authors_title_and_institution": "Microsoft Research"
        },
        {
          "Co_authors_name": "Shyhtsun Felix Wu",
          "Co_authors_title_and_institution": "University of California, Davis"
        },
        {
          "Co_authors_name": "Alexandre Gerber",
          "Co_authors_title_and_institution": "Lion Cave Capital (formerly at AT&T Labs - Research)"
        },
        {
          "Co_authors_name": "Xiaoliang (Leon) Zhao",
          "Co_authors_title_and_institution": "Simple and Green Networks, LLC"
        },
        {
          "Co_authors_name": "MohammadTaghi Hajiaghayi",
          "Co_authors_title_and_institution": "ACM Fellow, Jack and Rita Minker Professor of Computer Science, University of Maryland, College Park"
        },
        {
          "Co_authors_name": "lusheng ji",
          "Co_authors_title_and_institution": "AT&T Labs Research"
        },
        {
          "Co_authors_name": "Mohit Lad",
          "Co_authors_title_and_institution": "Thousand Eyes"
        },
        {
          "Co_authors_name": "Guo Chen (陈果)",
          "Co_authors_title_and_institution": "Hunan University"
        },
        {
          "Co_authors_name": "Walter Willinger",
          "Co_authors_title_and_institution": "NIKSUN, Inc."
        },
        {
          "Co_authors_name": "Jeffrey Erman",
          "Co_authors_title_and_institution": "AT&T Labs -- Research"
        },
        {
          "Co_authors_name": "Mengyu Zhou",
          "Co_authors_title_and_institution": "Microsoft Research"
        },
        {
          "Co_authors_name": "Jacobus (Kobus) Van der Merwe",
          "Co_authors_title_and_institution": "Associate Professor, School of Computing, University of Utah"
        },
        {
          "Co_authors_name": "Aman Shaikh",
          "Co_authors_title_and_institution": "Google"
        },
        {
          "Co_authors_name": "Yan Chen",
          "Co_authors_title_and_institution": "Northwestern University"
        },
        {
          "Co_authors_name": "Jun Xu",
          "Co_authors_title_and_institution": "Professor of Computer Science, Georgia Tech"
        }
      ],
      "Cited_graph": [
        "2002",
        "2003",
        "2004",
        "2005",
        "2006",
        "2007",
        "2008",
        "2009",
        "2010",
        "2011",
        "2012",
        "2013",
        "2014",
        "2015",
        "2016",
        "2017",
        "2018",
        "2019",
        "2020",
        "2021",
        "26",
        "78",
        "111",
        "118",
        "170",
        "169",
        "158",
        "291",
        "287",
        "340",
        "310",
        "291",
        "291",
        "259",
        "289",
        "292",
        "344",
        "485",
        "635",
        "275"
      ]
    }
  ]
}