{
    "features": [
        {
            "Citation": {
                
            },
            "Email": "fu-yx@cs.sjtu.edu.cn",
            "HomePage": "http://basics.sjtu.edu.cn/~yuxi/",
            "University": "Shanghai Jiao Tong University",
            "Title": "Professor",
            "Avatar": "http://www.cs.sjtu.edu.cn/Management/Upload/[User]a2d0d07c20674d79852f08326214f933/2013122511046922xvpw3.jpg",
            "Lab": "BASICS实验室",
            "Location": "SEIEE-3-421",
            "Name": "傅育熙 ",
            "ResearchInterest": ["theoretical computer science", "type theory", "concurrency theory","theory of interaction"]
        },
        {
            "Citation": {
                "2014": 182,
                "2015": 233,
                "2016": 256,
                "2017": 259,
                "2018": 327,
                "2019": 432,
                "2020": 514,
                "2021": 94
            },
            "Email": "kzhu@cs.sjtu.edu.cn",
            "HomePage": "http://www.cs.sjtu.edu.cn/~kzhu/",
            "University": "Shanghai Jiao Tong University",
            "Title": "Professor",
            "Avatar": "http://www.cs.sjtu.edu.cn/Management/Upload/[User]32ee2ad8f8f942818de5a2b4da310ae2/20131224191853205QYctK.jpg",
            "Lab": "数据与程序语言实验室",
            "Location": "SEIEE-3-407",
            "Name": "Kenny Q. Zhu",
            "ResearchInterest": ["NLP", "AI",  "Knowledge Engineering"]
        },
        {
            "Citation": {
                "2014": 26,
                "2015": 15,
                "2016": 23,
                "2017": 22,
                "2018": 25,
                "2019": 30,
                "2020": 24,
                "2021": 7
            },
            "Email": "dominik@cs.sjtu.edu.cn",
            "HomePage": "http://basics.sjtu.edu.cn/~dominik/",
            "University": "Shanghai Jiao Tong University",
            "Title": "associate professsor",
            "Avatar": "http://www.cs.sjtu.edu.cn/Management/Upload/[User]a3a561533dc34819aa53400f4e18038b/20141027153925395fITT7.jpg",
            "Lab": "BASICS实验室",
            "Location": "",
            "Name": "Dominik Scheder",
            "ResearchInterest": ["Algorithm and complexity"]
        },
        {
            "Citation": {
                
            },
            "Email": "dong-xj@cs.sjtu.edu.cn",
            "HomePage": "http://basics.sjtu.edu.cn/~xiaoju",
            "University": "Shanghai Jiao Tong University",
            "Title": "associate professsor",
            "Avatar": "http://www.cs.sjtu.edu.cn/Management/Upload/[User]a3a561533dc34819aa53400f4e18038b/20141027153925395fITT7.jpg",
            "Lab": "BASICS实验室",
            "Location": "SEIEE-3-529",
            "Name": "董笑菊",
            "ResearchInterest": ["Information Visualization","Visual Analytics","Formal Methods"]
        },
        {
            "Citation": {
                
            },
            "Email": "longhuan@cs.sjtu.edu.cn",
            "HomePage": "",
            "University": "Shanghai Jiao Tong University",
            "Title": "associate professsor",
            "Avatar": "http://www.cs.sjtu.edu.cn/Management/Upload/[User]604788cf37504e5b857ac37fa6de5ac3/201411494144252zKVvY.jpg",
            "Lab": "BASICS实验室",
            "Location": "SEIEE-3-327",
            "Name": "龙环",
            "ResearchInterest": ["Concurrency Theory","Process Calculi and Applications"]
        },
        {
            "Citation": {
                "2014": 12,
                "2015": 6,
                "2016": 16,
                "2017": 41,
                "2018": 40,
                "2019": 92,
                "2020": 98,
                "2021": 16
            },
            "Email": "fuhf@cs.sjtu.edu.cn",
            "HomePage": "http://jhc.sjtu.edu.cn/~hongfeifu/",
            "University": "Shanghai Jiao Tong University",
            "Title": "assistant professsor",
            "Avatar": "http://www.cs.sjtu.edu.cn/Management/Upload/[User]5f070e687693436e808f7ed90af011d3/2017915103842471MbZfR.jpg",
            "Lab": "BASICS实验室",
            "Location": "软件大楼1408-1室",
            "Name": "Hongfei Fu",
            "ResearchInterest": ["model checking","program verification"]
        },
        {
            "Citation": {
                "2014": 18,
                "2015": 20,
                "2016": 10,
                "2017": 12,
                "2018": 18,
                "2019": 36,
                "2020": 31,
                "2021": 10
            },
            "Email": "chihao@cs.sjtu.edu.cn",
            "HomePage": "http://chihaozhang.com/",
            "University": "Shanghai Jiao Tong University",
            "Title": "assistant professsor",
            "Avatar": "http://www.cs.sjtu.edu.cn/Management/Upload/[User]58066e6327ec478ba616638626a1759a/20189713292720nqiri.jpeg",
            "Lab": "BASICS实验室",
            "Location": "",
            "Name": "Chihao Zhang",
            "ResearchInterest": ["Theoretical Computer Science"]
        },
        {
            "Citation": {
                "2014": 529,
                "2015": 660,
                "2016": 688,
                "2017": 915,
                "2018": 1084,
                "2019": 1393,
                "2020": 1578,
                "2021": 277
            },
            "Email": "blu@cs.sjtu.edu.cn",
            "HomePage": "http://bcmi.sjtu.edu.cn/~blu/",
            "University": "Shanghai Jiao Tong University",
            "Title": "professsor",
            "Avatar": "http://www.cs.sjtu.edu.cn/Management/Upload/[User]a974865f133c402ba3b89650c0e35d80/201661124120950b8Nuh.jpg",
            "Lab": "智能计算与智能系统重点实验室",
            "Location": "SEIEE-3-431",
            "Name": "Bao-Liang Lu",
            "ResearchInterest": ["Brain-like Computing","Neural Networks","Machine Learning","Brain-Computer Interface","Affective Computing"]
        },
        {
            "Citation": {
                "2014": 346,
                "2015": 324,
                "2016": 323,
                "2017": 334,
                "2018": 371,
                "2019": 412,
                "2020": 579,
                "2021": 154
            },
            "Email": "lu-ht@cs.sjtu.edu.cn",
            "HomePage": "",
            "University": "Shanghai Jiao Tong University",
            "Title": "professsor",
            "Avatar": "http://www.cs.sjtu.edu.cn/Management/Upload/[User]d223f0a33c4845c3931c2bbba5e6ff95/202042321187639l6ZUv.jpg",
            "Lab": "智能计算与智能系统重点实验室",
            "Location": "SEIEE-3-425",
            "Name": "Hongtao Lu",
            "ResearchInterest": ["Artificial intelligence","Machine Learning","Computer Vision"]
        },
        {
            "Citation": {
                "2014": 268,
                "2015": 297,
                "2016": 386,
                "2017": 410,
                "2018": 599,
                "2019": 647,
                "2020": 864,
                "2021": 190
            },
            "Email": "kai.yu@cs.sjtu.edu.cn",
            "HomePage": "https://speechlab.sjtu.edu.cn/members/kai_yu",
            "University": "Shanghai Jiao Tong University",
            "Title": "professsor",
            "Avatar": "http://www.cs.sjtu.edu.cn/Management/Upload/[User]bb63fc611cc245b5b34bd8ed6f978471/2013122591512228PIini.jpg",
            "Lab": "智能语音技术实验室",
            "Location": "SEIEE-3-539",
            "Name": "Kai Yu",
            "ResearchInterest": ["dialogue system","speech recognition","speech synthesis","natural language processing","machine learning"]
        },
        {
            "Citation": {
                "2014": 853,
                "2015": 949,
                "2016": 993,
                "2017": 951,
                "2018": 937,
                "2019": 950,
                "2020": 1118,
                "2021": 163
            },
            "Email": "zhang-lq@cs.sjtu.edu.cn",
            "HomePage": "http://bcmi.sjtu.edu.cn/~zhangliqing/",
            "University": "Shanghai Jiao Tong University",
            "Title": "professsor",
            "Avatar": "http://www.cs.sjtu.edu.cn/Management/Upload/[User]f7872fe5da274b91985693b930629aca/20131224192838320VH1RF.jpg",
            "Lab": "智能计算与智能系统重点实验室",
            "Location": "SEIEE-3-435",
            "Name": "Liqing Zhang",
            "ResearchInterest": ["Machine Learning","Cognitive Computing","Brain Computer Interface"]
        },
        {
            "Citation": {
                "2014": 190,
                "2015": 223,
                "2016": 274,
                "2017": 291,
                "2018": 540,
                "2019": 848,
                "2020": 952,
                "2021": 177
            },
            "Email": "zhaohai@cs.sjtu.edu.cn",
            "HomePage": "http://bcmi.sjtu.edu.cn/~zhaohai",
            "University": "Shanghai Jiao Tong University",
            "Title": "professsor",
            "Avatar": "http://www.cs.sjtu.edu.cn/Management/Upload/[User]f7872fe5da274b91985693b930629aca/20131224192838320VH1RF.jpg",
            "Lab": "智能计算与智能系统重点实验室",
            "Location": "SEIEE-3-521",
            "Name": "赵海",
            "ResearchInterest": ["natural language processing","machine learning","natural language understanding","machine reading comprehension"]
        },
        {
            "Citation": {
            },
            "Email": "zou-jn@cs.sjtu.edu.cn",
            "HomePage": "http://www.cs.sjtu.edu.cn/~zou-jn",
            "University": "Shanghai Jiao Tong University",
            "Title": "professsor",
            "Avatar": "http://www.cs.sjtu.edu.cn/Management/Upload/[User]247c0fd1faa44391b62b6f75624b4528/20171121122413659akxnJ.jpg",
            "Lab": "",
            "Location": "SEIEE-3-437",
            "Name": "邹君妮",
            "ResearchInterest": ["Video Networking and Communications","Source-aware resource allocation","Deep Learning and Reinforcement Learning","Mobile Computing and Caching"]
        },
        {
            "Citation": {
                
            },
            "Email": "hbshen@cs.sjtu.edu.cn",
            "HomePage": "http://www.csbio.sjtu.edu.cn/",
            "University": "Shanghai Jiao Tong University",
            "Title": "professsor",
            "Avatar": "http://www.cs.sjtu.edu.cn/Management/Upload/[User]dfab8133dd3e4d289cbf0f67a9ad6cb1/201862015820197DC3Bi.jpg",
            "Lab": "",
            "Location": "SEIEE-2-529",
            "Name": "沈红斌",
            "ResearchInterest": ["Pattern recognition","image processing","bioinformatics","data mining"]
        },
        {
            "Citation": {
                
            },
            "Email": "xiong-hk@cs.sjtu.edu.cn",
            "HomePage": "http://min.sjtu.edu.cn/",
            "University": "Shanghai Jiao Tong University",
            "Title": "professsor",
            "Avatar": "http://www.cs.sjtu.edu.cn/Management/Upload/[User]f13a4784804941dba58773900e751581/2018322105825605MvEGw.jpg",
            "Lab": "Institute of Media, Information, and Network",
            "Location": "SEIEE-1-309",
            "Name": "Hongkai Xiong",
            "ResearchInterest": ["Image and video coding","signal processing","multimedia communication","vision and learning"]
        },
        {
            "Citation": {
                
            },
            "Email": "daiwenrui@cs.sjtu.edu.cn",
            "HomePage": "http://min.sjtu.edu.cn/",
            "University": "Shanghai Jiao Tong University",
            "Title": "associate professsor",
            "Avatar": "http://www.cs.sjtu.edu.cn/Management/Upload/[User]e6918c94e33446299c5d81c1e6267121/2020518143442934H2bvM.jpg",
            "Lab": "Institute of Media, Information, and Network",
            "Location": "SEIEE-1-304",
            "Name": "Wenrui Dai",
            "ResearchInterest": ["Predictive Modeling","Image/Video Coding","Signal Processing"]
        },
        {
            "Citation": {
                
            },
            "Email": "yihong@cs.sjtu.edu.cn",
            "HomePage": "http://cs.sjtu.edu.cn/~yihong/",
            "University": "Shanghai Jiao Tong University",
            "Title": "associate professsor",
            "Avatar": "http://www.cs.sjtu.edu.cn/Management/Upload/[User]3eb5e34b06c5449a9f7069d55df65c36/202116115335287EbzNL.jpeg",
            "Lab": "智能计算与智能系统重点实验室",
            "Location": "SEIEE 3-501",
            "Name": "Yi Hong",
            "ResearchInterest": ["Predictive Modeling","Image/Video Coding","Signal Processing"]
        },
        {
            "Citation": {
                
            },
            "Email": "li-fang@cs.sjtu.edu.cn",
            "HomePage": "http://www.cs.sjtu.edu.cn/~li-fang/",
            "University": "Shanghai Jiao Tong University",
            "Title": "associate professsor",
            "Avatar": "http://www.cs.sjtu.edu.cn/Management/Upload/[User]4fb94557126e4af98907a16944817fd2/20131225102145140RSC1x.jpg",
            "Lab": "中德语言技术联合实验室",
            "Location": "SEIEE-3-533",
            "Name": "李芳",
            "ResearchInterest": ["natural language processing","Internet-based information retrieval and extraction","hot topic/event detection and tracking","database technologies"]
        },
        {
            "Citation": {
                
            },
            "Email": "ustcnewly@cs.sjtu.edu.cn",
            "HomePage": "http://bcmi.sjtu.edu.cn/~niuli",
            "University": "Shanghai Jiao Tong University",
            "Title": "associate professsor",
            "Avatar": "http://www.cs.sjtu.edu.cn/Management/Upload/[User]0653fb3d3d0d4fea94a64b64ccec1bc7/2018926161119221HXWW1.jpg",
            "Lab": "",
            "Location": "SEIEE-3-541",
            "Name": "牛力",
            "ResearchInterest": ["computer vision","machine learning","deep learning"]
        },
        {
            "Citation": {
                
            },
            "Email": "yangyang@cs.sjtu.edu.cn",
            "HomePage": "https://yangy09.github.io/",
            "University": "Shanghai Jiao Tong University",
            "Title": "associate professsor",
            "Avatar": "http://www.cs.sjtu.edu.cn/Management/Upload/[User]1e132cb7f1fa404ab4a0ed8bb851f439/201312241935554134Z2HF.jpg",
            "Lab": "智能计算与智能系统重点实验室",
            "Location": "SEIEE-3",
            "Name": "Yang Yang",
            "ResearchInterest": ["Machine Translation","Multilingual NLP"]
        },
        {
            "Citation": {
                
            },
            "Email": "qian-ym@cs.sjtu.edu.cn",
            "HomePage": "http://speechlab.sjtu.edu.cn/~ymqian/",
            "University": "Shanghai Jiao Tong University",
            "Title": "associate professsor",
            "Avatar": "http://www.cs.sjtu.edu.cn/Management/Upload/[User]25a138cfff3f4e40b2967b0e801a9a77/2014114936542LxjZg.jpg",
            "Lab": "智能语音技术实验室",
            "Location": "SEIEE-3-501",
            "Name": "钱彦旻",
            "ResearchInterest": ["Speech and Language understanding and human computer interaction","Large vocabulary continuous speech recognition","Discriminative training of acoustic models","Robust speech recognition","Multimedia Signal Processing"]
        },
        {
            "Citation": {
                
            },
            "Email": "chenlusz@cs.sjtu.edu.cn",
            "HomePage": "",
            "University": "Shanghai Jiao Tong University",
            "Title": "assistant professsor",
            "Avatar": "http://www.cs.sjtu.edu.cn/Management/Upload/[User]4803eea50760420db8e96ec8ef08c9c1/2020101921141981577PWe.jpeg",
            "Lab": "智能语音技术实验室",
            "Location": "",
            "Name": "陈露",
            "ResearchInterest": [""]
        },
        {
            "Citation": {
                
            },
            "Email": "wumengyue@cs.sjtu.edu.cn",
            "HomePage": "",
            "University": "Shanghai Jiao Tong University",
            "Title": "assistant professsor",
            "Avatar": "http://www.cs.sjtu.edu.cn/Management/Upload/[User]c8f2c079804446459cc0c6cbd3590e70/2018615163054257Znxxp.jpg",
            "Lab": "智能语音技术实验室",
            "Location": "",
            "Name": "吴梦玥",
            "ResearchInterest": [""]
        },
        {
            "Citation": {
                
            },
            "Email": "zhangyaqian@cs.sjtu.edu.cn",
            "HomePage": "",
            "University": "Shanghai Jiao Tong University",
            "Title": "assistant professsor",
            "Avatar": "http://www.cs.sjtu.edu.cn/Management/Upload/[User]c8f2c079804446459cc0c6cbd3590e70/2018615163054257Znxxp.jpg",
            "Lab": "",
            "Location": "",
            "Name": "张亚倩",
            "ResearchInterest": [""]
        },
        {
            "Citation": {
                
            },
            "Email": "liang-xy@cs.sjtu.edu.cn",
            "HomePage": "http://acalab.sjtu.edu.cn/CN/Teacher.aspx?infolb=4&flag=4",
            "University": "Shanghai Jiao Tong University",
            "Title": "professsor",
            "Avatar": "http://www.cs.sjtu.edu.cn/Management/Upload/[User]c9dcc75ed9ae4e559d1222737111dc52/2013122510150330hD1Zl.jpg",
            "Lab": "先进计算机体系结构实验室",
            "Location": "",
            "Name": "梁晓峣",
            "ResearchInterest": ["Computer Architecture","GPGPU"]
        },
        {
            "Citation": {
                
            },
            "Email": "jiangli@cs.sjtu.edu.cn",
            "HomePage": "http://cs.sjtu.edu.cn/~jiangli",
            "University": "Shanghai Jiao Tong University",
            "Title": "associate professsor",
            "Avatar": "http://www.cs.sjtu.edu.cn/Management/Upload/[User]ad42241f4fd24c17ae9f84fe4a1e3184/201528123132317vQvnu.jpg",
            "Lab": "先进计算机体系结构实验室",
            "Location": "SEIEE-3-521",
            "Name": "Li Jiang",
            "ResearchInterest": ["Computer Architecture and algorithm optimization for AI acceleration","Approximate computing for energy efficiency","Hardware system design automation, reliability and performance enhancement using machine learning techniques"]
        },
        {
            "Citation": {
                
            },
            "Email": "lichao@cs.sjtu.edu.cn",
            "HomePage": "http://www.cs.sjtu.edu.cn/~lichao/",
            "University": "Shanghai Jiao Tong University",
            "Title": "associate professsor",
            "Avatar": "http://www.cs.sjtu.edu.cn/Management/Upload/[User]7349d527351346eda005eb0693ce1d61/20141020123920519Rg7v6.jpg",
            "Lab": "可持续计算架构实验室",
            "Location": "SEIEE-3-526",
            "Name": "Chao Li",
            "ResearchInterest": ["Computer Architecture"]
        },
        {
            "Citation": {
                
            },
            "Email": "lu-jl@cs.sjtu.edu.cn",
            "HomePage": "",
            "University": "Shanghai Jiao Tong University",
            "Title": "associate professsor",
            "Avatar": "http://www.cs.sjtu.edu.cn/Management/Upload/[User]ed6900a567d94a20b689cf2cf2d23d73/201576103315344M7N8.jpg",
            "Lab": "无线与传感器网络实验室",
            "Location": "",
            "Name": "陆佳亮",
            "ResearchInterest": ["Computer Architecture"]
        },
        {
            "Citation": {
                
            },
            "Email": "zhezhi.he@cs.sjtu.edu.cn",
            "HomePage": "https://elliothe.github.io/people/zhezhi-he",
            "University": "Shanghai Jiao Tong University",
            "Title": "assistant professsor",
            "Avatar": "http://www.cs.sjtu.edu.cn/Management/Upload/[User]a59ce3dd86b6441b90843dbe8f967155/202011301839338848lFpu.jpg",
            "Lab": "先进计算机体系结构实验室",
            "Location": "SEIEE3-501",
            "Name": "Zhezhi He",
            "ResearchInterest": ["Neuromorphic Computing","Secure and Efficient Deep Learning","Electronic Design Automation"]
        },
        {
            "Citation": {
                
            },
            "Email": "kejing@cs.sjtu.edu.cn",
            "HomePage": "",
            "University": "Shanghai Jiao Tong University",
            "Title": "assistant professsor",
            "Avatar": "http://www.cs.sjtu.edu.cn/Management/Upload/[User]061cc89194924f7f96d640c4a3291067/2018615161842541w8Ub2.jpg",
            "Lab": "先进计算机体系结构实验室",
            "Location": "",
            "Name": "柯晶",
            "ResearchInterest": ["Biomedical Imaging","GPU"]
        }
    ]
}